,Revenue: Tax: Taxes on International Trade: Customs and Other Import Duties as % of Tax Revenue
Region,Sri Lanka
Subnational,
Frequency,Weekly beginning at Monday
Unit,%
Source,World Bank
Status,Active
Series ID,264027002
SR Code,SR5466638
Trade Code,
Mnemonic,
Function Description,DISAGGREGATE(Weekly; Sunday; Distribute)
First Obs. Date,01/01/1990
Last Obs. Date,12/25/2023
Last Update Time,16/01/2025
Series remarks,"Customs and other import duties are all levies collected on goods that are entering the country or services delivered by nonresidents to residents. They include levies imposed for revenue or protection purposes and determined on a specific or ad valorem basis as long as they are restricted to imported goods or services.;International Monetary Fund, Government Finance Statistics Yearbook and data files.;;"
Suggestions,
Mean,0.35267447252536643
Variance,0.011796838434473598
Standard Deviation,0.1086132516522436
Skewness,0.19799187562005047
Kurtosis,-0.9552484848792444
Coefficient Variation,0.30797026752320866
Min,0.17025316442307695
Max,0.5684920626923077
Median,0.23640550500000002
Sum,
Subtract,
No. of Obs,1774
01/01/1990,0.51764563716981
01/08/1990,0.51764563716981
01/15/1990,0.51764563716981
01/22/1990,0.51764563716981
01/29/1990,0.51764563716981
02/05/1990,0.51764563716981
02/12/1990,0.51764563716981
02/19/1990,0.51764563716981
02/26/1990,0.51764563716981
03/05/1990,0.51764563716981
03/12/1990,0.51764563716981
03/19/1990,0.51764563716981
03/26/1990,0.51764563716981
04/02/1990,0.51764563716981
04/09/1990,0.51764563716981
04/16/1990,0.51764563716981
04/23/1990,0.51764563716981
04/30/1990,0.51764563716981
05/07/1990,0.51764563716981
05/14/1990,0.51764563716981
05/21/1990,0.51764563716981
05/28/1990,0.51764563716981
06/04/1990,0.51764563716981
06/11/1990,0.51764563716981
06/18/1990,0.51764563716981
06/25/1990,0.51764563716981
07/02/1990,0.51764563716981
07/09/1990,0.51764563716981
07/16/1990,0.51764563716981
07/23/1990,0.51764563716981
07/30/1990,0.51764563716981
08/06/1990,0.51764563716981
08/13/1990,0.51764563716981
08/20/1990,0.51764563716981
08/27/1990,0.51764563716981
09/03/1990,0.51764563716981
09/10/1990,0.51764563716981
09/17/1990,0.51764563716981
09/24/1990,0.51764563716981
10/01/1990,0.51764563716981
10/08/1990,0.51764563716981
10/15/1990,0.51764563716981
10/22/1990,0.51764563716981
10/29/1990,0.51764563716981
11/05/1990,0.51764563716981
11/12/1990,0.51764563716981
11/19/1990,0.51764563716981
11/26/1990,0.51764563716981
12/03/1990,0.51764563716981
12/10/1990,0.51764563716981
12/17/1990,0.51764563716981
12/24/1990,0.51764563716981
12/31/1990,0.51764563716981
01/07/1991,0.52528607596154
01/14/1991,0.52528607596154
01/21/1991,0.52528607596154
01/28/1991,0.52528607596154
02/04/1991,0.52528607596154
02/11/1991,0.52528607596154
02/18/1991,0.52528607596154
02/25/1991,0.52528607596154
03/04/1991,0.52528607596154
03/11/1991,0.52528607596154
03/18/1991,0.52528607596154
03/25/1991,0.52528607596154
04/01/1991,0.52528607596154
04/08/1991,0.52528607596154
04/15/1991,0.52528607596154
04/22/1991,0.52528607596154
04/29/1991,0.52528607596154
05/06/1991,0.52528607596154
05/13/1991,0.52528607596154
05/20/1991,0.52528607596154
05/27/1991,0.52528607596154
06/03/1991,0.52528607596154
06/10/1991,0.52528607596154
06/17/1991,0.52528607596154
06/24/1991,0.52528607596154
07/01/1991,0.52528607596154
07/08/1991,0.52528607596154
07/15/1991,0.52528607596154
07/22/1991,0.52528607596154
07/29/1991,0.52528607596154
08/05/1991,0.52528607596154
08/12/1991,0.52528607596154
08/19/1991,0.52528607596154
08/26/1991,0.52528607596154
09/02/1991,0.52528607596154
09/09/1991,0.52528607596154
09/16/1991,0.52528607596154
09/23/1991,0.52528607596154
09/30/1991,0.52528607596154
10/07/1991,0.52528607596154
10/14/1991,0.52528607596154
10/21/1991,0.52528607596154
10/28/1991,0.52528607596154
11/04/1991,0.52528607596154
11/11/1991,0.52528607596154
11/18/1991,0.52528607596154
11/25/1991,0.52528607596154
12/02/1991,0.52528607596154
12/09/1991,0.52528607596154
12/16/1991,0.52528607596154
12/23/1991,0.52528607596154
12/30/1991,0.52528607596154
01/06/1992,0.52436103961539
01/13/1992,0.52436103961539
01/20/1992,0.52436103961539
01/27/1992,0.52436103961539
02/03/1992,0.52436103961539
02/10/1992,0.52436103961539
02/17/1992,0.52436103961539
02/24/1992,0.52436103961539
03/02/1992,0.52436103961539
03/09/1992,0.52436103961539
03/16/1992,0.52436103961539
03/23/1992,0.52436103961539
03/30/1992,0.52436103961539
04/06/1992,0.52436103961539
04/13/1992,0.52436103961539
04/20/1992,0.52436103961539
04/27/1992,0.52436103961539
05/04/1992,0.52436103961539
05/11/1992,0.52436103961539
05/18/1992,0.52436103961539
05/25/1992,0.52436103961539
06/01/1992,0.52436103961539
06/08/1992,0.52436103961539
06/15/1992,0.52436103961539
06/22/1992,0.52436103961539
06/29/1992,0.52436103961539
07/06/1992,0.52436103961539
07/13/1992,0.52436103961539
07/20/1992,0.52436103961539
07/27/1992,0.52436103961539
08/03/1992,0.52436103961539
08/10/1992,0.52436103961539
08/17/1992,0.52436103961539
08/24/1992,0.52436103961539
08/31/1992,0.52436103961539
09/07/1992,0.52436103961539
09/14/1992,0.52436103961539
09/21/1992,0.52436103961539
09/28/1992,0.52436103961539
10/05/1992,0.52436103961539
10/12/1992,0.52436103961539
10/19/1992,0.52436103961539
10/26/1992,0.52436103961539
11/02/1992,0.52436103961539
11/09/1992,0.52436103961539
11/16/1992,0.52436103961539
11/23/1992,0.52436103961539
11/30/1992,0.52436103961539
12/07/1992,0.52436103961539
12/14/1992,0.52436103961539
12/21/1992,0.52436103961539
12/28/1992,0.52436103961539
01/04/1993,0.45425018634615
01/11/1993,0.45425018634615
01/18/1993,0.45425018634615
01/25/1993,0.45425018634615
02/01/1993,0.45425018634615
02/08/1993,0.45425018634615
02/15/1993,0.45425018634615
02/22/1993,0.45425018634615
03/01/1993,0.45425018634615
03/08/1993,0.45425018634615
03/15/1993,0.45425018634615
03/22/1993,0.45425018634615
03/29/1993,0.45425018634615
04/05/1993,0.45425018634615
04/12/1993,0.45425018634615
04/19/1993,0.45425018634615
04/26/1993,0.45425018634615
05/03/1993,0.45425018634615
05/10/1993,0.45425018634615
05/17/1993,0.45425018634615
05/24/1993,0.45425018634615
05/31/1993,0.45425018634615
06/07/1993,0.45425018634615
06/14/1993,0.45425018634615
06/21/1993,0.45425018634615
06/28/1993,0.45425018634615
07/05/1993,0.45425018634615
07/12/1993,0.45425018634615
07/19/1993,0.45425018634615
07/26/1993,0.45425018634615
08/02/1993,0.45425018634615
08/09/1993,0.45425018634615
08/16/1993,0.45425018634615
08/23/1993,0.45425018634615
08/30/1993,0.45425018634615
09/06/1993,0.45425018634615
09/13/1993,0.45425018634615
09/20/1993,0.45425018634615
09/27/1993,0.45425018634615
10/04/1993,0.45425018634615
10/11/1993,0.45425018634615
10/18/1993,0.45425018634615
10/25/1993,0.45425018634615
11/01/1993,0.45425018634615
11/08/1993,0.45425018634615
11/15/1993,0.45425018634615
11/22/1993,0.45425018634615
11/29/1993,0.45425018634615
12/06/1993,0.45425018634615
12/13/1993,0.45425018634615
12/20/1993,0.45425018634615
12/27/1993,0.45425018634615
01/03/1994,0.43712536403846
01/10/1994,0.43712536403846
01/17/1994,0.43712536403846
01/24/1994,0.43712536403846
01/31/1994,0.43712536403846
02/07/1994,0.43712536403846
02/14/1994,0.43712536403846
02/21/1994,0.43712536403846
02/28/1994,0.43712536403846
03/07/1994,0.43712536403846
03/14/1994,0.43712536403846
03/21/1994,0.43712536403846
03/28/1994,0.43712536403846
04/04/1994,0.43712536403846
04/11/1994,0.43712536403846
04/18/1994,0.43712536403846
04/25/1994,0.43712536403846
05/02/1994,0.43712536403846
05/09/1994,0.43712536403846
05/16/1994,0.43712536403846
05/23/1994,0.43712536403846
05/30/1994,0.43712536403846
06/06/1994,0.43712536403846
06/13/1994,0.43712536403846
06/20/1994,0.43712536403846
06/27/1994,0.43712536403846
07/04/1994,0.43712536403846
07/11/1994,0.43712536403846
07/18/1994,0.43712536403846
07/25/1994,0.43712536403846
08/01/1994,0.43712536403846
08/08/1994,0.43712536403846
08/15/1994,0.43712536403846
08/22/1994,0.43712536403846
08/29/1994,0.43712536403846
09/05/1994,0.43712536403846
09/12/1994,0.43712536403846
09/19/1994,0.43712536403846
09/26/1994,0.43712536403846
10/03/1994,0.43712536403846
10/10/1994,0.43712536403846
10/17/1994,0.43712536403846
10/24/1994,0.43712536403846
10/31/1994,0.43712536403846
11/07/1994,0.43712536403846
11/14/1994,0.43712536403846
11/21/1994,0.43712536403846
11/28/1994,0.43712536403846
12/05/1994,0.43712536403846
12/12/1994,0.43712536403846
12/19/1994,0.43712536403846
12/26/1994,0.43712536403846
01/02/1995,0.39526390615385
01/09/1995,0.39526390615385
01/16/1995,0.39526390615385
01/23/1995,0.39526390615385
01/30/1995,0.39526390615385
02/06/1995,0.39526390615385
02/13/1995,0.39526390615385
02/20/1995,0.39526390615385
02/27/1995,0.39526390615385
03/06/1995,0.39526390615385
03/13/1995,0.39526390615385
03/20/1995,0.39526390615385
03/27/1995,0.39526390615385
04/03/1995,0.39526390615385
04/10/1995,0.39526390615385
04/17/1995,0.39526390615385
04/24/1995,0.39526390615385
05/01/1995,0.39526390615385
05/08/1995,0.39526390615385
05/15/1995,0.39526390615385
05/22/1995,0.39526390615385
05/29/1995,0.39526390615385
06/05/1995,0.39526390615385
06/12/1995,0.39526390615385
06/19/1995,0.39526390615385
06/26/1995,0.39526390615385
07/03/1995,0.39526390615385
07/10/1995,0.39526390615385
07/17/1995,0.39526390615385
07/24/1995,0.39526390615385
07/31/1995,0.39526390615385
08/07/1995,0.39526390615385
08/14/1995,0.39526390615385
08/21/1995,0.39526390615385
08/28/1995,0.39526390615385
09/04/1995,0.39526390615385
09/11/1995,0.39526390615385
09/18/1995,0.39526390615385
09/25/1995,0.39526390615385
10/02/1995,0.39526390615385
10/09/1995,0.39526390615385
10/16/1995,0.39526390615385
10/23/1995,0.39526390615385
10/30/1995,0.39526390615385
11/06/1995,0.39526390615385
11/13/1995,0.39526390615385
11/20/1995,0.39526390615385
11/27/1995,0.39526390615385
12/04/1995,0.39526390615385
12/11/1995,0.39526390615385
12/18/1995,0.39526390615385
12/25/1995,0.39526390615385
01/01/1996,0.36893043207547
01/08/1996,0.36893043207547
01/15/1996,0.36893043207547
01/22/1996,0.36893043207547
01/29/1996,0.36893043207547
02/05/1996,0.36893043207547
02/12/1996,0.36893043207547
02/19/1996,0.36893043207547
02/26/1996,0.36893043207547
03/04/1996,0.36893043207547
03/11/1996,0.36893043207547
03/18/1996,0.36893043207547
03/25/1996,0.36893043207547
04/01/1996,0.36893043207547
04/08/1996,0.36893043207547
04/15/1996,0.36893043207547
04/22/1996,0.36893043207547
04/29/1996,0.36893043207547
05/06/1996,0.36893043207547
05/13/1996,0.36893043207547
05/20/1996,0.36893043207547
05/27/1996,0.36893043207547
06/03/1996,0.36893043207547
06/10/1996,0.36893043207547
06/17/1996,0.36893043207547
06/24/1996,0.36893043207547
07/01/1996,0.36893043207547
07/08/1996,0.36893043207547
07/15/1996,0.36893043207547
07/22/1996,0.36893043207547
07/29/1996,0.36893043207547
08/05/1996,0.36893043207547
08/12/1996,0.36893043207547
08/19/1996,0.36893043207547
08/26/1996,0.36893043207547
09/02/1996,0.36893043207547
09/09/1996,0.36893043207547
09/16/1996,0.36893043207547
09/23/1996,0.36893043207547
09/30/1996,0.36893043207547
10/07/1996,0.36893043207547
10/14/1996,0.36893043207547
10/21/1996,0.36893043207547
10/28/1996,0.36893043207547
11/04/1996,0.36893043207547
11/11/1996,0.36893043207547
11/18/1996,0.36893043207547
11/25/1996,0.36893043207547
12/02/1996,0.36893043207547
12/09/1996,0.36893043207547
12/16/1996,0.36893043207547
12/23/1996,0.36893043207547
12/30/1996,0.36893043207547
01/06/1997,0.36081981769231
01/13/1997,0.36081981769231
01/20/1997,0.36081981769231
01/27/1997,0.36081981769231
02/03/1997,0.36081981769231
02/10/1997,0.36081981769231
02/17/1997,0.36081981769231
02/24/1997,0.36081981769231
03/03/1997,0.36081981769231
03/10/1997,0.36081981769231
03/17/1997,0.36081981769231
03/24/1997,0.36081981769231
03/31/1997,0.36081981769231
04/07/1997,0.36081981769231
04/14/1997,0.36081981769231
04/21/1997,0.36081981769231
04/28/1997,0.36081981769231
05/05/1997,0.36081981769231
05/12/1997,0.36081981769231
05/19/1997,0.36081981769231
05/26/1997,0.36081981769231
06/02/1997,0.36081981769231
06/09/1997,0.36081981769231
06/16/1997,0.36081981769231
06/23/1997,0.36081981769231
06/30/1997,0.36081981769231
07/07/1997,0.36081981769231
07/14/1997,0.36081981769231
07/21/1997,0.36081981769231
07/28/1997,0.36081981769231
08/04/1997,0.36081981769231
08/11/1997,0.36081981769231
08/18/1997,0.36081981769231
08/25/1997,0.36081981769231
09/01/1997,0.36081981769231
09/08/1997,0.36081981769231
09/15/1997,0.36081981769231
09/22/1997,0.36081981769231
09/29/1997,0.36081981769231
10/06/1997,0.36081981769231
10/13/1997,0.36081981769231
10/20/1997,0.36081981769231
10/27/1997,0.36081981769231
11/03/1997,0.36081981769231
11/10/1997,0.36081981769231
11/17/1997,0.36081981769231
11/24/1997,0.36081981769231
12/01/1997,0.36081981769231
12/08/1997,0.36081981769231
12/15/1997,0.36081981769231
12/22/1997,0.36081981769231
12/29/1997,0.36081981769231
01/05/1998,0.36739528038461
01/12/1998,0.36739528038461
01/19/1998,0.36739528038461
01/26/1998,0.36739528038461
02/02/1998,0.36739528038461
02/09/1998,0.36739528038461
02/16/1998,0.36739528038461
02/23/1998,0.36739528038461
03/02/1998,0.36739528038461
03/09/1998,0.36739528038461
03/16/1998,0.36739528038461
03/23/1998,0.36739528038461
03/30/1998,0.36739528038461
04/06/1998,0.36739528038461
04/13/1998,0.36739528038461
04/20/1998,0.36739528038461
04/27/1998,0.36739528038461
05/04/1998,0.36739528038461
05/11/1998,0.36739528038461
05/18/1998,0.36739528038461
05/25/1998,0.36739528038461
06/01/1998,0.36739528038461
06/08/1998,0.36739528038461
06/15/1998,0.36739528038461
06/22/1998,0.36739528038461
06/29/1998,0.36739528038461
07/06/1998,0.36739528038461
07/13/1998,0.36739528038461
07/20/1998,0.36739528038461
07/27/1998,0.36739528038461
08/03/1998,0.36739528038461
08/10/1998,0.36739528038461
08/17/1998,0.36739528038461
08/24/1998,0.36739528038461
08/31/1998,0.36739528038461
09/07/1998,0.36739528038461
09/14/1998,0.36739528038461
09/21/1998,0.36739528038461
09/28/1998,0.36739528038461
10/05/1998,0.36739528038461
10/12/1998,0.36739528038461
10/19/1998,0.36739528038461
10/26/1998,0.36739528038461
11/02/1998,0.36739528038461
11/09/1998,0.36739528038461
11/16/1998,0.36739528038461
11/23/1998,0.36739528038461
11/30/1998,0.36739528038461
12/07/1998,0.36739528038461
12/14/1998,0.36739528038461
12/21/1998,0.36739528038461
12/28/1998,0.36739528038461
01/04/1999,0.32107651903846
01/11/1999,0.32107651903846
01/18/1999,0.32107651903846
01/25/1999,0.32107651903846
02/01/1999,0.32107651903846
02/08/1999,0.32107651903846
02/15/1999,0.32107651903846
02/22/1999,0.32107651903846
03/01/1999,0.32107651903846
03/08/1999,0.32107651903846
03/15/1999,0.32107651903846
03/22/1999,0.32107651903846
03/29/1999,0.32107651903846
04/05/1999,0.32107651903846
04/12/1999,0.32107651903846
04/19/1999,0.32107651903846
04/26/1999,0.32107651903846
05/03/1999,0.32107651903846
05/10/1999,0.32107651903846
05/17/1999,0.32107651903846
05/24/1999,0.32107651903846
05/31/1999,0.32107651903846
06/07/1999,0.32107651903846
06/14/1999,0.32107651903846
06/21/1999,0.32107651903846
06/28/1999,0.32107651903846
07/05/1999,0.32107651903846
07/12/1999,0.32107651903846
07/19/1999,0.32107651903846
07/26/1999,0.32107651903846
08/02/1999,0.32107651903846
08/09/1999,0.32107651903846
08/16/1999,0.32107651903846
08/23/1999,0.32107651903846
08/30/1999,0.32107651903846
09/06/1999,0.32107651903846
09/13/1999,0.32107651903846
09/20/1999,0.32107651903846
09/27/1999,0.32107651903846
10/04/1999,0.32107651903846
10/11/1999,0.32107651903846
10/18/1999,0.32107651903846
10/25/1999,0.32107651903846
11/01/1999,0.32107651903846
11/08/1999,0.32107651903846
11/15/1999,0.32107651903846
11/22/1999,0.32107651903846
11/29/1999,0.32107651903846
12/06/1999,0.32107651903846
12/13/1999,0.32107651903846
12/20/1999,0.32107651903846
12/27/1999,0.32107651903846
01/03/2000,0.25273122634615
01/10/2000,0.25273122634615
01/17/2000,0.25273122634615
01/24/2000,0.25273122634615
01/31/2000,0.25273122634615
02/07/2000,0.25273122634615
02/14/2000,0.25273122634615
02/21/2000,0.25273122634615
02/28/2000,0.25273122634615
03/06/2000,0.25273122634615
03/13/2000,0.25273122634615
03/20/2000,0.25273122634615
03/27/2000,0.25273122634615
04/03/2000,0.25273122634615
04/10/2000,0.25273122634615
04/17/2000,0.25273122634615
04/24/2000,0.25273122634615
05/01/2000,0.25273122634615
05/08/2000,0.25273122634615
05/15/2000,0.25273122634615
05/22/2000,0.25273122634615
05/29/2000,0.25273122634615
06/05/2000,0.25273122634615
06/12/2000,0.25273122634615
06/19/2000,0.25273122634615
06/26/2000,0.25273122634615
07/03/2000,0.25273122634615
07/10/2000,0.25273122634615
07/17/2000,0.25273122634615
07/24/2000,0.25273122634615
07/31/2000,0.25273122634615
08/07/2000,0.25273122634615
08/14/2000,0.25273122634615
08/21/2000,0.25273122634615
08/28/2000,0.25273122634615
09/04/2000,0.25273122634615
09/11/2000,0.25273122634615
09/18/2000,0.25273122634615
09/25/2000,0.25273122634615
10/02/2000,0.25273122634615
10/09/2000,0.25273122634615
10/16/2000,0.25273122634615
10/23/2000,0.25273122634615
10/30/2000,0.25273122634615
11/06/2000,0.25273122634615
11/13/2000,0.25273122634615
11/20/2000,0.25273122634615
11/27/2000,0.25273122634615
12/04/2000,0.25273122634615
12/11/2000,0.25273122634615
12/18/2000,0.25273122634615
12/25/2000,0.25273122634615
01/01/2001,0.23975506773585
01/08/2001,0.23975506773585
01/15/2001,0.23975506773585
01/22/2001,0.23975506773585
01/29/2001,0.23975506773585
02/05/2001,0.23975506773585
02/12/2001,0.23975506773585
02/19/2001,0.23975506773585
02/26/2001,0.23975506773585
03/05/2001,0.23975506773585
03/12/2001,0.23975506773585
03/19/2001,0.23975506773585
03/26/2001,0.23975506773585
04/02/2001,0.23975506773585
04/09/2001,0.23975506773585
04/16/2001,0.23975506773585
04/23/2001,0.23975506773585
04/30/2001,0.23975506773585
05/07/2001,0.23975506773585
05/14/2001,0.23975506773585
05/21/2001,0.23975506773585
05/28/2001,0.23975506773585
06/04/2001,0.23975506773585
06/11/2001,0.23975506773585
06/18/2001,0.23975506773585
06/25/2001,0.23975506773585
07/02/2001,0.23975506773585
07/09/2001,0.23975506773585
07/16/2001,0.23975506773585
07/23/2001,0.23975506773585
07/30/2001,0.23975506773585
08/06/2001,0.23975506773585
08/13/2001,0.23975506773585
08/20/2001,0.23975506773585
08/27/2001,0.23975506773585
09/03/2001,0.23975506773585
09/10/2001,0.23975506773585
09/17/2001,0.23975506773585
09/24/2001,0.23975506773585
10/01/2001,0.23975506773585
10/08/2001,0.23975506773585
10/15/2001,0.23975506773585
10/22/2001,0.23975506773585
10/29/2001,0.23975506773585
11/05/2001,0.23975506773585
11/12/2001,0.23975506773585
11/19/2001,0.23975506773585
11/26/2001,0.23975506773585
12/03/2001,0.23975506773585
12/10/2001,0.23975506773585
12/17/2001,0.23975506773585
12/24/2001,0.23975506773585
12/31/2001,0.23975506773585
01/07/2002,0.24544623403846
01/14/2002,0.24544623403846
01/21/2002,0.24544623403846
01/28/2002,0.24544623403846
02/04/2002,0.24544623403846
02/11/2002,0.24544623403846
02/18/2002,0.24544623403846
02/25/2002,0.24544623403846
03/04/2002,0.24544623403846
03/11/2002,0.24544623403846
03/18/2002,0.24544623403846
03/25/2002,0.24544623403846
04/01/2002,0.24544623403846
04/08/2002,0.24544623403846
04/15/2002,0.24544623403846
04/22/2002,0.24544623403846
04/29/2002,0.24544623403846
05/06/2002,0.24544623403846
05/13/2002,0.24544623403846
05/20/2002,0.24544623403846
05/27/2002,0.24544623403846
06/03/2002,0.24544623403846
06/10/2002,0.24544623403846
06/17/2002,0.24544623403846
06/24/2002,0.24544623403846
07/01/2002,0.24544623403846
07/08/2002,0.24544623403846
07/15/2002,0.24544623403846
07/22/2002,0.24544623403846
07/29/2002,0.24544623403846
08/05/2002,0.24544623403846
08/12/2002,0.24544623403846
08/19/2002,0.24544623403846
08/26/2002,0.24544623403846
09/02/2002,0.24544623403846
09/09/2002,0.24544623403846
09/16/2002,0.24544623403846
09/23/2002,0.24544623403846
09/30/2002,0.24544623403846
10/07/2002,0.24544623403846
10/14/2002,0.24544623403846
10/21/2002,0.24544623403846
10/28/2002,0.24544623403846
11/04/2002,0.24544623403846
11/11/2002,0.24544623403846
11/18/2002,0.24544623403846
11/25/2002,0.24544623403846
12/02/2002,0.24544623403846
12/09/2002,0.24544623403846
12/16/2002,0.24544623403846
12/23/2002,0.24544623403846
12/30/2002,0.24544623403846
01/06/2003,0.28378600961539
01/13/2003,0.28378600961539
01/20/2003,0.28378600961539
01/27/2003,0.28378600961539
02/03/2003,0.28378600961539
02/10/2003,0.28378600961539
02/17/2003,0.28378600961539
02/24/2003,0.28378600961539
03/03/2003,0.28378600961539
03/10/2003,0.28378600961539
03/17/2003,0.28378600961539
03/24/2003,0.28378600961539
03/31/2003,0.28378600961539
04/07/2003,0.28378600961539
04/14/2003,0.28378600961539
04/21/2003,0.28378600961539
04/28/2003,0.28378600961539
05/05/2003,0.28378600961539
05/12/2003,0.28378600961539
05/19/2003,0.28378600961539
05/26/2003,0.28378600961539
06/02/2003,0.28378600961539
06/09/2003,0.28378600961539
06/16/2003,0.28378600961539
06/23/2003,0.28378600961539
06/30/2003,0.28378600961539
07/07/2003,0.28378600961539
07/14/2003,0.28378600961539
07/21/2003,0.28378600961539
07/28/2003,0.28378600961539
08/04/2003,0.28378600961539
08/11/2003,0.28378600961539
08/18/2003,0.28378600961539
08/25/2003,0.28378600961539
09/01/2003,0.28378600961539
09/08/2003,0.28378600961539
09/15/2003,0.28378600961539
09/22/2003,0.28378600961539
09/29/2003,0.28378600961539
10/06/2003,0.28378600961539
10/13/2003,0.28378600961539
10/20/2003,0.28378600961539
10/27/2003,0.28378600961539
11/03/2003,0.28378600961539
11/10/2003,0.28378600961539
11/17/2003,0.28378600961539
11/24/2003,0.28378600961539
12/01/2003,0.28378600961539
12/08/2003,0.28378600961539
12/15/2003,0.28378600961539
12/22/2003,0.28378600961539
12/29/2003,0.28378600961539
01/05/2004,0.28069688461539
01/12/2004,0.28069688461539
01/19/2004,0.28069688461539
01/26/2004,0.28069688461539
02/02/2004,0.28069688461539
02/09/2004,0.28069688461539
02/16/2004,0.28069688461539
02/23/2004,0.28069688461539
03/01/2004,0.28069688461539
03/08/2004,0.28069688461539
03/15/2004,0.28069688461539
03/22/2004,0.28069688461539
03/29/2004,0.28069688461539
04/05/2004,0.28069688461539
04/12/2004,0.28069688461539
04/19/2004,0.28069688461539
04/26/2004,0.28069688461539
05/03/2004,0.28069688461539
05/10/2004,0.28069688461539
05/17/2004,0.28069688461539
05/24/2004,0.28069688461539
05/31/2004,0.28069688461539
06/07/2004,0.28069688461539
06/14/2004,0.28069688461539
06/21/2004,0.28069688461539
06/28/2004,0.28069688461539
07/05/2004,0.28069688461539
07/12/2004,0.28069688461539
07/19/2004,0.28069688461539
07/26/2004,0.28069688461539
08/02/2004,0.28069688461539
08/09/2004,0.28069688461539
08/16/2004,0.28069688461539
08/23/2004,0.28069688461539
08/30/2004,0.28069688461539
09/06/2004,0.28069688461539
09/13/2004,0.28069688461539
09/20/2004,0.28069688461539
09/27/2004,0.28069688461539
10/04/2004,0.28069688461539
10/11/2004,0.28069688461539
10/18/2004,0.28069688461539
10/25/2004,0.28069688461539
11/01/2004,0.28069688461539
11/08/2004,0.28069688461539
11/15/2004,0.28069688461539
11/22/2004,0.28069688461539
11/29/2004,0.28069688461539
12/06/2004,0.28069688461539
12/13/2004,0.28069688461539
12/20/2004,0.28069688461539
12/27/2004,0.28069688461539
01/03/2005,0.25914770269231
01/10/2005,0.25914770269231
01/17/2005,0.25914770269231
01/24/2005,0.25914770269231
01/31/2005,0.25914770269231
02/07/2005,0.25914770269231
02/14/2005,0.25914770269231
02/21/2005,0.25914770269231
02/28/2005,0.25914770269231
03/07/2005,0.25914770269231
03/14/2005,0.25914770269231
03/21/2005,0.25914770269231
03/28/2005,0.25914770269231
04/04/2005,0.25914770269231
04/11/2005,0.25914770269231
04/18/2005,0.25914770269231
04/25/2005,0.25914770269231
05/02/2005,0.25914770269231
05/09/2005,0.25914770269231
05/16/2005,0.25914770269231
05/23/2005,0.25914770269231
05/30/2005,0.25914770269231
06/06/2005,0.25914770269231
06/13/2005,0.25914770269231
06/20/2005,0.25914770269231
06/27/2005,0.25914770269231
07/04/2005,0.25914770269231
07/11/2005,0.25914770269231
07/18/2005,0.25914770269231
07/25/2005,0.25914770269231
08/01/2005,0.25914770269231
08/08/2005,0.25914770269231
08/15/2005,0.25914770269231
08/22/2005,0.25914770269231
08/29/2005,0.25914770269231
09/05/2005,0.25914770269231
09/12/2005,0.25914770269231
09/19/2005,0.25914770269231
09/26/2005,0.25914770269231
10/03/2005,0.25914770269231
10/10/2005,0.25914770269231
10/17/2005,0.25914770269231
10/24/2005,0.25914770269231
10/31/2005,0.25914770269231
11/07/2005,0.25914770269231
11/14/2005,0.25914770269231
11/21/2005,0.25914770269231
11/28/2005,0.25914770269231
12/05/2005,0.25914770269231
12/12/2005,0.25914770269231
12/19/2005,0.25914770269231
12/26/2005,0.25914770269231
01/02/2006,0.236405505
01/09/2006,0.236405505
01/16/2006,0.236405505
01/23/2006,0.236405505
01/30/2006,0.236405505
02/06/2006,0.236405505
02/13/2006,0.236405505
02/20/2006,0.236405505
02/27/2006,0.236405505
03/06/2006,0.236405505
03/13/2006,0.236405505
03/20/2006,0.236405505
03/27/2006,0.236405505
04/03/2006,0.236405505
04/10/2006,0.236405505
04/17/2006,0.236405505
04/24/2006,0.236405505
05/01/2006,0.236405505
05/08/2006,0.236405505
05/15/2006,0.236405505
05/22/2006,0.236405505
05/29/2006,0.236405505
06/05/2006,0.236405505
06/12/2006,0.236405505
06/19/2006,0.236405505
06/26/2006,0.236405505
07/03/2006,0.236405505
07/10/2006,0.236405505
07/17/2006,0.236405505
07/24/2006,0.236405505
07/31/2006,0.236405505
08/07/2006,0.236405505
08/14/2006,0.236405505
08/21/2006,0.236405505
08/28/2006,0.236405505
09/04/2006,0.236405505
09/11/2006,0.236405505
09/18/2006,0.236405505
09/25/2006,0.236405505
10/02/2006,0.236405505
10/09/2006,0.236405505
10/16/2006,0.236405505
10/23/2006,0.236405505
10/30/2006,0.236405505
11/06/2006,0.236405505
11/13/2006,0.236405505
11/20/2006,0.236405505
11/27/2006,0.236405505
12/04/2006,0.236405505
12/11/2006,0.236405505
12/18/2006,0.236405505
12/25/2006,0.236405505
01/01/2007,0.20755766132076
01/08/2007,0.20755766132076
01/15/2007,0.20755766132076
01/22/2007,0.20755766132076
01/29/2007,0.20755766132076
02/05/2007,0.20755766132076
02/12/2007,0.20755766132076
02/19/2007,0.20755766132076
02/26/2007,0.20755766132076
03/05/2007,0.20755766132076
03/12/2007,0.20755766132076
03/19/2007,0.20755766132076
03/26/2007,0.20755766132076
04/02/2007,0.20755766132076
04/09/2007,0.20755766132076
04/16/2007,0.20755766132076
04/23/2007,0.20755766132076
04/30/2007,0.20755766132076
05/07/2007,0.20755766132076
05/14/2007,0.20755766132076
05/21/2007,0.20755766132076
05/28/2007,0.20755766132076
06/04/2007,0.20755766132076
06/11/2007,0.20755766132076
06/18/2007,0.20755766132076
06/25/2007,0.20755766132076
07/02/2007,0.20755766132076
07/09/2007,0.20755766132076
07/16/2007,0.20755766132076
07/23/2007,0.20755766132076
07/30/2007,0.20755766132076
08/06/2007,0.20755766132076
08/13/2007,0.20755766132076
08/20/2007,0.20755766132076
08/27/2007,0.20755766132076
09/03/2007,0.20755766132076
09/10/2007,0.20755766132076
09/17/2007,0.20755766132076
09/24/2007,0.20755766132076
10/01/2007,0.20755766132076
10/08/2007,0.20755766132076
10/15/2007,0.20755766132076
10/22/2007,0.20755766132076
10/29/2007,0.20755766132076
11/05/2007,0.20755766132076
11/12/2007,0.20755766132076
11/19/2007,0.20755766132076
11/26/2007,0.20755766132076
12/03/2007,0.20755766132076
12/10/2007,0.20755766132076
12/17/2007,0.20755766132076
12/24/2007,0.20755766132076
12/31/2007,0.20755766132076
01/07/2008,0.20965252788461
01/14/2008,0.20965252788461
01/21/2008,0.20965252788461
01/28/2008,0.20965252788461
02/04/2008,0.20965252788461
02/11/2008,0.20965252788461
02/18/2008,0.20965252788461
02/25/2008,0.20965252788461
03/03/2008,0.20965252788461
03/10/2008,0.20965252788461
03/17/2008,0.20965252788461
03/24/2008,0.20965252788461
03/31/2008,0.20965252788461
04/07/2008,0.20965252788461
04/14/2008,0.20965252788461
04/21/2008,0.20965252788461
04/28/2008,0.20965252788461
05/05/2008,0.20965252788461
05/12/2008,0.20965252788461
05/19/2008,0.20965252788461
05/26/2008,0.20965252788461
06/02/2008,0.20965252788461
06/09/2008,0.20965252788461
06/16/2008,0.20965252788461
06/23/2008,0.20965252788461
06/30/2008,0.20965252788461
07/07/2008,0.20965252788461
07/14/2008,0.20965252788461
07/21/2008,0.20965252788461
07/28/2008,0.20965252788461
08/04/2008,0.20965252788461
08/11/2008,0.20965252788461
08/18/2008,0.20965252788461
08/25/2008,0.20965252788461
09/01/2008,0.20965252788461
09/08/2008,0.20965252788461
09/15/2008,0.20965252788461
09/22/2008,0.20965252788461
09/29/2008,0.20965252788461
10/06/2008,0.20965252788461
10/13/2008,0.20965252788461
10/20/2008,0.20965252788461
10/27/2008,0.20965252788461
11/03/2008,0.20965252788461
11/10/2008,0.20965252788461
11/17/2008,0.20965252788461
11/24/2008,0.20965252788461
12/01/2008,0.20965252788461
12/08/2008,0.20965252788461
12/15/2008,0.20965252788461
12/22/2008,0.20965252788461
12/29/2008,0.20965252788461
01/05/2009,0.24719961615385
01/12/2009,0.24719961615385
01/19/2009,0.24719961615385
01/26/2009,0.24719961615385
02/02/2009,0.24719961615385
02/09/2009,0.24719961615385
02/16/2009,0.24719961615385
02/23/2009,0.24719961615385
03/02/2009,0.24719961615385
03/09/2009,0.24719961615385
03/16/2009,0.24719961615385
03/23/2009,0.24719961615385
03/30/2009,0.24719961615385
04/06/2009,0.24719961615385
04/13/2009,0.24719961615385
04/20/2009,0.24719961615385
04/27/2009,0.24719961615385
05/04/2009,0.24719961615385
05/11/2009,0.24719961615385
05/18/2009,0.24719961615385
05/25/2009,0.24719961615385
06/01/2009,0.24719961615385
06/08/2009,0.24719961615385
06/15/2009,0.24719961615385
06/22/2009,0.24719961615385
06/29/2009,0.24719961615385
07/06/2009,0.24719961615385
07/13/2009,0.24719961615385
07/20/2009,0.24719961615385
07/27/2009,0.24719961615385
08/03/2009,0.24719961615385
08/10/2009,0.24719961615385
08/17/2009,0.24719961615385
08/24/2009,0.24719961615385
08/31/2009,0.24719961615385
09/07/2009,0.24719961615385
09/14/2009,0.24719961615385
09/21/2009,0.24719961615385
09/28/2009,0.24719961615385
10/05/2009,0.24719961615385
10/12/2009,0.24719961615385
10/19/2009,0.24719961615385
10/26/2009,0.24719961615385
11/02/2009,0.24719961615385
11/09/2009,0.24719961615385
11/16/2009,0.24719961615385
11/23/2009,0.24719961615385
11/30/2009,0.24719961615385
12/07/2009,0.24719961615385
12/14/2009,0.24719961615385
12/21/2009,0.24719961615385
12/28/2009,0.24719961615385
01/04/2010,0.17025316442308
01/11/2010,0.17025316442308
01/18/2010,0.17025316442308
01/25/2010,0.17025316442308
02/01/2010,0.17025316442308
02/08/2010,0.17025316442308
02/15/2010,0.17025316442308
02/22/2010,0.17025316442308
03/01/2010,0.17025316442308
03/08/2010,0.17025316442308
03/15/2010,0.17025316442308
03/22/2010,0.17025316442308
03/29/2010,0.17025316442308
04/05/2010,0.17025316442308
04/12/2010,0.17025316442308
04/19/2010,0.17025316442308
04/26/2010,0.17025316442308
05/03/2010,0.17025316442308
05/10/2010,0.17025316442308
05/17/2010,0.17025316442308
05/24/2010,0.17025316442308
05/31/2010,0.17025316442308
06/07/2010,0.17025316442308
06/14/2010,0.17025316442308
06/21/2010,0.17025316442308
06/28/2010,0.17025316442308
07/05/2010,0.17025316442308
07/12/2010,0.17025316442308
07/19/2010,0.17025316442308
07/26/2010,0.17025316442308
08/02/2010,0.17025316442308
08/09/2010,0.17025316442308
08/16/2010,0.17025316442308
08/23/2010,0.17025316442308
08/30/2010,0.17025316442308
09/06/2010,0.17025316442308
09/13/2010,0.17025316442308
09/20/2010,0.17025316442308
09/27/2010,0.17025316442308
10/04/2010,0.17025316442308
10/11/2010,0.17025316442308
10/18/2010,0.17025316442308
10/25/2010,0.17025316442308
11/01/2010,0.17025316442308
11/08/2010,0.17025316442308
11/15/2010,0.17025316442308
11/22/2010,0.17025316442308
11/29/2010,0.17025316442308
12/06/2010,0.17025316442308
12/13/2010,0.17025316442308
12/20/2010,0.17025316442308
12/27/2010,0.17025316442308
01/03/2011,0.17979508211539
01/10/2011,0.17979508211539
01/17/2011,0.17979508211539
01/24/2011,0.17979508211539
01/31/2011,0.17979508211539
02/07/2011,0.17979508211539
02/14/2011,0.17979508211539
02/21/2011,0.17979508211539
02/28/2011,0.17979508211539
03/07/2011,0.17979508211539
03/14/2011,0.17979508211539
03/21/2011,0.17979508211539
03/28/2011,0.17979508211539
04/04/2011,0.17979508211539
04/11/2011,0.17979508211539
04/18/2011,0.17979508211539
04/25/2011,0.17979508211539
05/02/2011,0.17979508211539
05/09/2011,0.17979508211539
05/16/2011,0.17979508211539
05/23/2011,0.17979508211539
05/30/2011,0.17979508211539
06/06/2011,0.17979508211539
06/13/2011,0.17979508211539
06/20/2011,0.17979508211539
06/27/2011,0.17979508211539
07/04/2011,0.17979508211539
07/11/2011,0.17979508211539
07/18/2011,0.17979508211539
07/25/2011,0.17979508211539
08/01/2011,0.17979508211539
08/08/2011,0.17979508211539
08/15/2011,0.17979508211539
08/22/2011,0.17979508211539
08/29/2011,0.17979508211539
09/05/2011,0.17979508211539
09/12/2011,0.17979508211539
09/19/2011,0.17979508211539
09/26/2011,0.17979508211539
10/03/2011,0.17979508211539
10/10/2011,0.17979508211539
10/17/2011,0.17979508211539
10/24/2011,0.17979508211539
10/31/2011,0.17979508211539
11/07/2011,0.17979508211539
11/14/2011,0.17979508211539
11/21/2011,0.17979508211539
11/28/2011,0.17979508211539
12/05/2011,0.17979508211539
12/12/2011,0.17979508211539
12/19/2011,0.17979508211539
12/26/2011,0.17979508211539
01/02/2012,0.44978561641509
01/09/2012,0.44978561641509
01/16/2012,0.44978561641509
01/23/2012,0.44978561641509
01/30/2012,0.44978561641509
02/06/2012,0.44978561641509
02/13/2012,0.44978561641509
02/20/2012,0.44978561641509
02/27/2012,0.44978561641509
03/05/2012,0.44978561641509
03/12/2012,0.44978561641509
03/19/2012,0.44978561641509
03/26/2012,0.44978561641509
04/02/2012,0.44978561641509
04/09/2012,0.44978561641509
04/16/2012,0.44978561641509
04/23/2012,0.44978561641509
04/30/2012,0.44978561641509
05/07/2012,0.44978561641509
05/14/2012,0.44978561641509
05/21/2012,0.44978561641509
05/28/2012,0.44978561641509
06/04/2012,0.44978561641509
06/11/2012,0.44978561641509
06/18/2012,0.44978561641509
06/25/2012,0.44978561641509
07/02/2012,0.44978561641509
07/09/2012,0.44978561641509
07/16/2012,0.44978561641509
07/23/2012,0.44978561641509
07/30/2012,0.44978561641509
08/06/2012,0.44978561641509
08/13/2012,0.44978561641509
08/20/2012,0.44978561641509
08/27/2012,0.44978561641509
09/03/2012,0.44978561641509
09/10/2012,0.44978561641509
09/17/2012,0.44978561641509
09/24/2012,0.44978561641509
10/01/2012,0.44978561641509
10/08/2012,0.44978561641509
10/15/2012,0.44978561641509
10/22/2012,0.44978561641509
10/29/2012,0.44978561641509
11/05/2012,0.44978561641509
11/12/2012,0.44978561641509
11/19/2012,0.44978561641509
11/26/2012,0.44978561641509
12/03/2012,0.44978561641509
12/10/2012,0.44978561641509
12/17/2012,0.44978561641509
12/24/2012,0.44978561641509
12/31/2012,0.44978561641509
01/07/2013,0.36671504826923
01/14/2013,0.36671504826923
01/21/2013,0.36671504826923
01/28/2013,0.36671504826923
02/04/2013,0.36671504826923
02/11/2013,0.36671504826923
02/18/2013,0.36671504826923
02/25/2013,0.36671504826923
03/04/2013,0.36671504826923
03/11/2013,0.36671504826923
03/18/2013,0.36671504826923
03/25/2013,0.36671504826923
04/01/2013,0.36671504826923
04/08/2013,0.36671504826923
04/15/2013,0.36671504826923
04/22/2013,0.36671504826923
04/29/2013,0.36671504826923
05/06/2013,0.36671504826923
05/13/2013,0.36671504826923
05/20/2013,0.36671504826923
05/27/2013,0.36671504826923
06/03/2013,0.36671504826923
06/10/2013,0.36671504826923
06/17/2013,0.36671504826923
06/24/2013,0.36671504826923
07/01/2013,0.36671504826923
07/08/2013,0.36671504826923
07/15/2013,0.36671504826923
07/22/2013,0.36671504826923
07/29/2013,0.36671504826923
08/05/2013,0.36671504826923
08/12/2013,0.36671504826923
08/19/2013,0.36671504826923
08/26/2013,0.36671504826923
09/02/2013,0.36671504826923
09/09/2013,0.36671504826923
09/16/2013,0.36671504826923
09/23/2013,0.36671504826923
09/30/2013,0.36671504826923
10/07/2013,0.36671504826923
10/14/2013,0.36671504826923
10/21/2013,0.36671504826923
10/28/2013,0.36671504826923
11/04/2013,0.36671504826923
11/11/2013,0.36671504826923
11/18/2013,0.36671504826923
11/25/2013,0.36671504826923
12/02/2013,0.36671504826923
12/09/2013,0.36671504826923
12/16/2013,0.36671504826923
12/23/2013,0.36671504826923
12/30/2013,0.36671504826923
01/06/2014,0.36339653903846
01/13/2014,0.36339653903846
01/20/2014,0.36339653903846
01/27/2014,0.36339653903846
02/03/2014,0.36339653903846
02/10/2014,0.36339653903846
02/17/2014,0.36339653903846
02/24/2014,0.36339653903846
03/03/2014,0.36339653903846
03/10/2014,0.36339653903846
03/17/2014,0.36339653903846
03/24/2014,0.36339653903846
03/31/2014,0.36339653903846
04/07/2014,0.36339653903846
04/14/2014,0.36339653903846
04/21/2014,0.36339653903846
04/28/2014,0.36339653903846
05/05/2014,0.36339653903846
05/12/2014,0.36339653903846
05/19/2014,0.36339653903846
05/26/2014,0.36339653903846
06/02/2014,0.36339653903846
06/09/2014,0.36339653903846
06/16/2014,0.36339653903846
06/23/2014,0.36339653903846
06/30/2014,0.36339653903846
07/07/2014,0.36339653903846
07/14/2014,0.36339653903846
07/21/2014,0.36339653903846
07/28/2014,0.36339653903846
08/04/2014,0.36339653903846
08/11/2014,0.36339653903846
08/18/2014,0.36339653903846
08/25/2014,0.36339653903846
09/01/2014,0.36339653903846
09/08/2014,0.36339653903846
09/15/2014,0.36339653903846
09/22/2014,0.36339653903846
09/29/2014,0.36339653903846
10/06/2014,0.36339653903846
10/13/2014,0.36339653903846
10/20/2014,0.36339653903846
10/27/2014,0.36339653903846
11/03/2014,0.36339653903846
11/10/2014,0.36339653903846
11/17/2014,0.36339653903846
11/24/2014,0.36339653903846
12/01/2014,0.36339653903846
12/08/2014,0.36339653903846
12/15/2014,0.36339653903846
12/22/2014,0.36339653903846
12/29/2014,0.36339653903846
01/05/2015,0.34644946403846
01/12/2015,0.34644946403846
01/19/2015,0.34644946403846
01/26/2015,0.34644946403846
02/02/2015,0.34644946403846
02/09/2015,0.34644946403846
02/16/2015,0.34644946403846
02/23/2015,0.34644946403846
03/02/2015,0.34644946403846
03/09/2015,0.34644946403846
03/16/2015,0.34644946403846
03/23/2015,0.34644946403846
03/30/2015,0.34644946403846
04/06/2015,0.34644946403846
04/13/2015,0.34644946403846
04/20/2015,0.34644946403846
04/27/2015,0.34644946403846
05/04/2015,0.34644946403846
05/11/2015,0.34644946403846
05/18/2015,0.34644946403846
05/25/2015,0.34644946403846
06/01/2015,0.34644946403846
06/08/2015,0.34644946403846
06/15/2015,0.34644946403846
06/22/2015,0.34644946403846
06/29/2015,0.34644946403846
07/06/2015,0.34644946403846
07/13/2015,0.34644946403846
07/20/2015,0.34644946403846
07/27/2015,0.34644946403846
08/03/2015,0.34644946403846
08/10/2015,0.34644946403846
08/17/2015,0.34644946403846
08/24/2015,0.34644946403846
08/31/2015,0.34644946403846
09/07/2015,0.34644946403846
09/14/2015,0.34644946403846
09/21/2015,0.34644946403846
09/28/2015,0.34644946403846
10/05/2015,0.34644946403846
10/12/2015,0.34644946403846
10/19/2015,0.34644946403846
10/26/2015,0.34644946403846
11/02/2015,0.34644946403846
11/09/2015,0.34644946403846
11/16/2015,0.34644946403846
11/23/2015,0.34644946403846
11/30/2015,0.34644946403846
12/07/2015,0.34644946403846
12/14/2015,0.34644946403846
12/21/2015,0.34644946403846
12/28/2015,0.34644946403846
01/04/2016,0.47508539403846
01/11/2016,0.47508539403846
01/18/2016,0.47508539403846
01/25/2016,0.47508539403846
02/01/2016,0.47508539403846
02/08/2016,0.47508539403846
02/15/2016,0.47508539403846
02/22/2016,0.47508539403846
02/29/2016,0.47508539403846
03/07/2016,0.47508539403846
03/14/2016,0.47508539403846
03/21/2016,0.47508539403846
03/28/2016,0.47508539403846
04/04/2016,0.47508539403846
04/11/2016,0.47508539403846
04/18/2016,0.47508539403846
04/25/2016,0.47508539403846
05/02/2016,0.47508539403846
05/09/2016,0.47508539403846
05/16/2016,0.47508539403846
05/23/2016,0.47508539403846
05/30/2016,0.47508539403846
06/06/2016,0.47508539403846
06/13/2016,0.47508539403846
06/20/2016,0.47508539403846
06/27/2016,0.47508539403846
07/04/2016,0.47508539403846
07/11/2016,0.47508539403846
07/18/2016,0.47508539403846
07/25/2016,0.47508539403846
08/01/2016,0.47508539403846
08/08/2016,0.47508539403846
08/15/2016,0.47508539403846
08/22/2016,0.47508539403846
08/29/2016,0.47508539403846
09/05/2016,0.47508539403846
09/12/2016,0.47508539403846
09/19/2016,0.47508539403846
09/26/2016,0.47508539403846
10/03/2016,0.47508539403846
10/10/2016,0.47508539403846
10/17/2016,0.47508539403846
10/24/2016,0.47508539403846
10/31/2016,0.47508539403846
11/07/2016,0.47508539403846
11/14/2016,0.47508539403846
11/21/2016,0.47508539403846
11/28/2016,0.47508539403846
12/05/2016,0.47508539403846
12/12/2016,0.47508539403846
12/19/2016,0.47508539403846
12/26/2016,0.47508539403846
01/02/2017,0.42413251115385
01/09/2017,0.42413251115385
01/16/2017,0.42413251115385
01/23/2017,0.42413251115385
01/30/2017,0.42413251115385
02/06/2017,0.42413251115385
02/13/2017,0.42413251115385
02/20/2017,0.42413251115385
02/27/2017,0.42413251115385
03/06/2017,0.42413251115385
03/13/2017,0.42413251115385
03/20/2017,0.42413251115385
03/27/2017,0.42413251115385
04/03/2017,0.42413251115385
04/10/2017,0.42413251115385
04/17/2017,0.42413251115385
04/24/2017,0.42413251115385
05/01/2017,0.42413251115385
05/08/2017,0.42413251115385
05/15/2017,0.42413251115385
05/22/2017,0.42413251115385
05/29/2017,0.42413251115385
06/05/2017,0.42413251115385
06/12/2017,0.42413251115385
06/19/2017,0.42413251115385
06/26/2017,0.42413251115385
07/03/2017,0.42413251115385
07/10/2017,0.42413251115385
07/17/2017,0.42413251115385
07/24/2017,0.42413251115385
07/31/2017,0.42413251115385
08/07/2017,0.42413251115385
08/14/2017,0.42413251115385
08/21/2017,0.42413251115385
08/28/2017,0.42413251115385
09/04/2017,0.42413251115385
09/11/2017,0.42413251115385
09/18/2017,0.42413251115385
09/25/2017,0.42413251115385
10/02/2017,0.42413251115385
10/09/2017,0.42413251115385
10/16/2017,0.42413251115385
10/23/2017,0.42413251115385
10/30/2017,0.42413251115385
11/06/2017,0.42413251115385
11/13/2017,0.42413251115385
11/20/2017,0.42413251115385
11/27/2017,0.42413251115385
12/04/2017,0.42413251115385
12/11/2017,0.42413251115385
12/18/2017,0.42413251115385
12/25/2017,0.42413251115385
01/01/2018,0.37367244037736
01/08/2018,0.37367244037736
01/15/2018,0.37367244037736
01/22/2018,0.37367244037736
01/29/2018,0.37367244037736
02/05/2018,0.37367244037736
02/12/2018,0.37367244037736
02/19/2018,0.37367244037736
02/26/2018,0.37367244037736
03/05/2018,0.37367244037736
03/12/2018,0.37367244037736
03/19/2018,0.37367244037736
03/26/2018,0.37367244037736
04/02/2018,0.37367244037736
04/09/2018,0.37367244037736
04/16/2018,0.37367244037736
04/23/2018,0.37367244037736
04/30/2018,0.37367244037736
05/07/2018,0.37367244037736
05/14/2018,0.37367244037736
05/21/2018,0.37367244037736
05/28/2018,0.37367244037736
06/04/2018,0.37367244037736
06/11/2018,0.37367244037736
06/18/2018,0.37367244037736
06/25/2018,0.37367244037736
07/02/2018,0.37367244037736
07/09/2018,0.37367244037736
07/16/2018,0.37367244037736
07/23/2018,0.37367244037736
07/30/2018,0.37367244037736
08/06/2018,0.37367244037736
08/13/2018,0.37367244037736
08/20/2018,0.37367244037736
08/27/2018,0.37367244037736
09/03/2018,0.37367244037736
09/10/2018,0.37367244037736
09/17/2018,0.37367244037736
09/24/2018,0.37367244037736
10/01/2018,0.37367244037736
10/08/2018,0.37367244037736
10/15/2018,0.37367244037736
10/22/2018,0.37367244037736
10/29/2018,0.37367244037736
11/05/2018,0.37367244037736
11/12/2018,0.37367244037736
11/19/2018,0.37367244037736
11/26/2018,0.37367244037736
12/03/2018,0.37367244037736
12/10/2018,0.37367244037736
12/17/2018,0.37367244037736
12/24/2018,0.37367244037736
12/31/2018,0.37367244037736
01/07/2019,0.36698755192308
01/14/2019,0.36698755192308
01/21/2019,0.36698755192308
01/28/2019,0.36698755192308
02/04/2019,0.36698755192308
02/11/2019,0.36698755192308
02/18/2019,0.36698755192308
02/25/2019,0.36698755192308
03/04/2019,0.36698755192308
03/11/2019,0.36698755192308
03/18/2019,0.36698755192308
03/25/2019,0.36698755192308
04/01/2019,0.36698755192308
04/08/2019,0.36698755192308
04/15/2019,0.36698755192308
04/22/2019,0.36698755192308
04/29/2019,0.36698755192308
05/06/2019,0.36698755192308
05/13/2019,0.36698755192308
05/20/2019,0.36698755192308
05/27/2019,0.36698755192308
06/03/2019,0.36698755192308
06/10/2019,0.36698755192308
06/17/2019,0.36698755192308
06/24/2019,0.36698755192308
07/01/2019,0.36698755192308
07/08/2019,0.36698755192308
07/15/2019,0.36698755192308
07/22/2019,0.36698755192308
07/29/2019,0.36698755192308
08/05/2019,0.36698755192308
08/12/2019,0.36698755192308
08/19/2019,0.36698755192308
08/26/2019,0.36698755192308
09/02/2019,0.36698755192308
09/09/2019,0.36698755192308
09/16/2019,0.36698755192308
09/23/2019,0.36698755192308
09/30/2019,0.36698755192308
10/07/2019,0.36698755192308
10/14/2019,0.36698755192308
10/21/2019,0.36698755192308
10/28/2019,0.36698755192308
11/04/2019,0.36698755192308
11/11/2019,0.36698755192308
11/18/2019,0.36698755192308
11/25/2019,0.36698755192308
12/02/2019,0.36698755192308
12/09/2019,0.36698755192308
12/16/2019,0.36698755192308
12/23/2019,0.36698755192308
12/30/2019,0.36698755192308
01/06/2020,0.56849206269231
01/13/2020,0.56849206269231
01/20/2020,0.56849206269231
01/27/2020,0.56849206269231
02/03/2020,0.56849206269231
02/10/2020,0.56849206269231
02/17/2020,0.56849206269231
02/24/2020,0.56849206269231
03/02/2020,0.56849206269231
03/09/2020,0.56849206269231
03/16/2020,0.56849206269231
03/23/2020,0.56849206269231
03/30/2020,0.56849206269231
04/06/2020,0.56849206269231
04/13/2020,0.56849206269231
04/20/2020,0.56849206269231
04/27/2020,0.56849206269231
05/04/2020,0.56849206269231
05/11/2020,0.56849206269231
05/18/2020,0.56849206269231
05/25/2020,0.56849206269231
06/01/2020,0.56849206269231
06/08/2020,0.56849206269231
06/15/2020,0.56849206269231
06/22/2020,0.56849206269231
06/29/2020,0.56849206269231
07/06/2020,0.56849206269231
07/13/2020,0.56849206269231
07/20/2020,0.56849206269231
07/27/2020,0.56849206269231
08/03/2020,0.56849206269231
08/10/2020,0.56849206269231
08/17/2020,0.56849206269231
08/24/2020,0.56849206269231
08/31/2020,0.56849206269231
09/07/2020,0.56849206269231
09/14/2020,0.56849206269231
09/21/2020,0.56849206269231
09/28/2020,0.56849206269231
10/05/2020,0.56849206269231
10/12/2020,0.56849206269231
10/19/2020,0.56849206269231
10/26/2020,0.56849206269231
11/02/2020,0.56849206269231
11/09/2020,0.56849206269231
11/16/2020,0.56849206269231
11/23/2020,0.56849206269231
11/30/2020,0.56849206269231
12/07/2020,0.56849206269231
12/14/2020,0.56849206269231
12/21/2020,0.56849206269231
12/28/2020,0.56849206269231
01/04/2021,0.51942278961539
01/11/2021,0.51942278961539
01/18/2021,0.51942278961539
01/25/2021,0.51942278961539
02/01/2021,0.51942278961539
02/08/2021,0.51942278961539
02/15/2021,0.51942278961539
02/22/2021,0.51942278961539
03/01/2021,0.51942278961539
03/08/2021,0.51942278961539
03/15/2021,0.51942278961539
03/22/2021,0.51942278961539
03/29/2021,0.51942278961539
04/05/2021,0.51942278961539
04/12/2021,0.51942278961539
04/19/2021,0.51942278961539
04/26/2021,0.51942278961539
05/03/2021,0.51942278961539
05/10/2021,0.51942278961539
05/17/2021,0.51942278961539
05/24/2021,0.51942278961539
05/31/2021,0.51942278961539
06/07/2021,0.51942278961539
06/14/2021,0.51942278961539
06/21/2021,0.51942278961539
06/28/2021,0.51942278961539
07/05/2021,0.51942278961539
07/12/2021,0.51942278961539
07/19/2021,0.51942278961539
07/26/2021,0.51942278961539
08/02/2021,0.51942278961539
08/09/2021,0.51942278961539
08/16/2021,0.51942278961539
08/23/2021,0.51942278961539
08/30/2021,0.51942278961539
09/06/2021,0.51942278961539
09/13/2021,0.51942278961539
09/20/2021,0.51942278961539
09/27/2021,0.51942278961539
10/04/2021,0.51942278961539
10/11/2021,0.51942278961539
10/18/2021,0.51942278961539
10/25/2021,0.51942278961539
11/01/2021,0.51942278961539
11/08/2021,0.51942278961539
11/15/2021,0.51942278961539
11/22/2021,0.51942278961539
11/29/2021,0.51942278961539
12/06/2021,0.51942278961539
12/13/2021,0.51942278961539
12/20/2021,0.51942278961539
12/27/2021,0.51942278961539
01/03/2022,0.37558268711539
01/10/2022,0.37558268711539
01/17/2022,0.37558268711539
01/24/2022,0.37558268711539
01/31/2022,0.37558268711539
02/07/2022,0.37558268711539
02/14/2022,0.37558268711539
02/21/2022,0.37558268711539
02/28/2022,0.37558268711539
03/07/2022,0.37558268711539
03/14/2022,0.37558268711539
03/21/2022,0.37558268711539
03/28/2022,0.37558268711539
04/04/2022,0.37558268711539
04/11/2022,0.37558268711539
04/18/2022,0.37558268711539
04/25/2022,0.37558268711539
05/02/2022,0.37558268711539
05/09/2022,0.37558268711539
05/16/2022,0.37558268711539
05/23/2022,0.37558268711539
05/30/2022,0.37558268711539
06/06/2022,0.37558268711539
06/13/2022,0.37558268711539
06/20/2022,0.37558268711539
06/27/2022,0.37558268711539
07/04/2022,0.37558268711539
07/11/2022,0.37558268711539
07/18/2022,0.37558268711539
07/25/2022,0.37558268711539
08/01/2022,0.37558268711539
08/08/2022,0.37558268711539
08/15/2022,0.37558268711539
08/22/2022,0.37558268711539
08/29/2022,0.37558268711539
09/05/2022,0.37558268711539
09/12/2022,0.37558268711539
09/19/2022,0.37558268711539
09/26/2022,0.37558268711539
10/03/2022,0.37558268711539
10/10/2022,0.37558268711539
10/17/2022,0.37558268711539
10/24/2022,0.37558268711539
10/31/2022,0.37558268711539
11/07/2022,0.37558268711539
11/14/2022,0.37558268711539
11/21/2022,0.37558268711539
11/28/2022,0.37558268711539
12/05/2022,0.37558268711539
12/12/2022,0.37558268711539
12/19/2022,0.37558268711539
12/26/2022,0.37558268711539
01/02/2023,0.27583478961538
01/09/2023,0.27583478961538
01/16/2023,0.27583478961538
01/23/2023,0.27583478961538
01/30/2023,0.27583478961538
02/06/2023,0.27583478961538
02/13/2023,0.27583478961538
02/20/2023,0.27583478961538
02/27/2023,0.27583478961538
03/06/2023,0.27583478961538
03/13/2023,0.27583478961538
03/20/2023,0.27583478961538
03/27/2023,0.27583478961538
04/03/2023,0.27583478961538
04/10/2023,0.27583478961538
04/17/2023,0.27583478961538
04/24/2023,0.27583478961538
05/01/2023,0.27583478961538
05/08/2023,0.27583478961538
05/15/2023,0.27583478961538
05/22/2023,0.27583478961538
05/29/2023,0.27583478961538
06/05/2023,0.27583478961538
06/12/2023,0.27583478961538
06/19/2023,0.27583478961538
06/26/2023,0.27583478961538
07/03/2023,0.27583478961538
07/10/2023,0.27583478961538
07/17/2023,0.27583478961538
07/24/2023,0.27583478961538
07/31/2023,0.27583478961538
08/07/2023,0.27583478961538
08/14/2023,0.27583478961538
08/21/2023,0.27583478961538
08/28/2023,0.27583478961538
09/04/2023,0.27583478961538
09/11/2023,0.27583478961538
09/18/2023,0.27583478961538
09/25/2023,0.27583478961538
10/02/2023,0.27583478961538
10/09/2023,0.27583478961538
10/16/2023,0.27583478961538
10/23/2023,0.27583478961538
10/30/2023,0.27583478961538
11/06/2023,0.27583478961538
11/13/2023,0.27583478961538
11/20/2023,0.27583478961538
11/27/2023,0.27583478961538
12/04/2023,0.27583478961538
12/11/2023,0.27583478961538
12/18/2023,0.27583478961538
12/25/2023,0.27583478961538