Reporter Name,Partner Name,Year,Trade Flow,Product Group,Import (US$ Thousand),Import Product Share (%),AHS Simple Average (%),AHS Weighted Average (%),AHS Total Tariff Lines,AHS Dutiable Tariff Lines Share (%),AHS Duty Free Tariff Lines Share (%),AHS Specific Tariff Lines Share (%),AHS AVE Tariff Lines Share (%),AHS MaxRate (%),AHS MinRate (%),AHS SpecificDuty Imports (US$ Thousand),AHS Dutiable Imports (US$ Thousand),AHS Duty Free Imports (US$ Thousand),MFN Simple Average (%),MFN Weighted Average (%),MFN Total Tariff Lines,MFN Dutiable Tariff Lines Share (%),MFN Duty Free Tariff Lines Share (%),MFN Specific Tariff Lines Share (%),MFN AVE Tariff Lines Share (%),MFN MaxRate (%),MFN MinRate (%),MFN SpecificDuty Imports (US$ Thousand),MFN Dutiable Imports (US$ Thousand),MFN Duty Free Imports (US$ Thousand)
Sri Lanka,Afghanistan,2010,Import,Fuels,5.59,0.5,9.38,9.38,9,44.44,44.44,11.11,0,30,0,5.59,5.59,0,9.38,9.38,9,44.44,44.44,11.11,0,30,0,5.59,5.59,0
Sri Lanka,United Arab Emirates,2010,Import,Fuels,117094.22,34.89,8.69,9.66,25,48,44,8,0,30,0,74894.63,117084.4,9.82,8.69,9.66,25,48,44,8,0,30,0,74894.63,117084.4,9.82
Sri Lanka,Antigua and Barbuda,2010,Import,Fuels,14.94,33.05,3.75,3.75,5,20,60,20,0,15,0,14.94,14.94,0,3.75,3.75,5,20,60,20,0,15,0,14.94,14.94,0
Sri Lanka,Australia,2010,Import,Fuels,112.65,0.06,0,0,2,0,100,0,0,0,0,0,0,112.65,0,0,2,0,100,0,0,0,0,0,0,112.65
Sri Lanka,Austria,2010,Import,Fuels,0.02,0,4.69,4.89,10,40,50,10,0,30,0,0.01,0.01,0.01,4.69,4.89,10,40,50,10,0,30,0,0.01,0.01,0.01
Sri Lanka,Belgium,2010,Import,Fuels,13.49,0.01,3.13,4.59,11,36.36,54.55,9.09,0,30,0,6.6,6.6,6.88,3.13,4.59,11,36.36,54.55,9.09,0,30,0,6.6,6.6,6.88
Sri Lanka,"Bahamas, The",2010,Import,Fuels,1625.44,98.59,9.38,9.38,9,44.44,44.44,11.11,0,30,0,1625.44,1625.44,0,9.38,9.38,9,44.44,44.44,11.11,0,30,0,1625.44,1625.44,0
Sri Lanka,Switzerland,2010,Import,Fuels,14.49,0.01,6.09,2.67,12,41.67,50,8.33,0,30,0,3.12,3.75,10.74,6.09,2.67,12,41.67,50,8.33,0,30,0,3.12,3.75,10.74
Sri Lanka,China,2010,Import,Fuels,2281.68,0.18,6.8,9.48,16,43.75,50,6.25,0,30,0,412.83,1596.21,685.46,6.8,9.48,16,43.75,50,6.25,0,30,0,412.83,1596.21,685.46
Sri Lanka,Germany,2010,Import,Fuels,188.45,0.07,4.31,7.15,23,30.43,60.87,8.7,0,30,0,79.56,120.52,67.92,4.31,7.15,23,30.43,60.87,8.7,0,30,0,79.56,120.52,67.92
Sri Lanka,Denmark,2010,Import,Fuels,8.94,0.03,5,2.66,3,33.33,66.67,0,0,15,0,0,1.58,7.35,5,2.66,3,33.33,66.67,0,0,15,0,0,1.58,7.35
Sri Lanka,"Egypt, Arab Rep.",2010,Import,Fuels,208.88,2.24,6.56,4.04,14,35.71,50,14.29,0,30,0,208.88,208.88,0,6.56,4.04,14,35.71,50,14.29,0,30,0,208.88,208.88,0
Sri Lanka,Spain,2010,Import,Fuels,76.18,0.4,0,0,1,0,100,0,0,0,0,0,0,76.18,0,0,1,0,100,0,0,0,0,0,0,76.18
Sri Lanka,France,2010,Import,Fuels,101.66,0.07,4.69,9.17,10,40,50,10,0,30,0,99.38,99.38,2.28,4.69,9.17,10,40,50,10,0,30,0,99.38,99.38,2.28
Sri Lanka,United Kingdom,2010,Import,Fuels,644.24,0.24,5.81,1.42,23,34.78,56.52,8.7,0,30,0,60.52,83.77,560.48,5.81,1.42,23,34.78,56.52,8.7,0,30,0,60.52,83.77,560.48
Sri Lanka,Greece,2010,Import,Fuels,1.49,0.31,15,15,1,100,0,0,0,15,15,0,1.49,0,15,15,1,100,0,0,0,15,15,0,1.49,0
Sri Lanka,"Hong Kong, China",2010,Import,Fuels,432.18,0.07,4.88,7.72,14,35.71,57.14,7.14,0,30,0,241.54,313,119.18,4.88,7.72,14,35.71,57.14,7.14,0,30,0,241.54,313,119.18
Sri Lanka,Indonesia,2010,Import,Fuels,14.12,0.01,9.38,9.38,9,44.44,44.44,11.11,0,30,0,14.12,14.12,0,9.38,9.38,9,44.44,44.44,11.11,0,30,0,14.12,14.12,0
Sri Lanka,India,2010,Import,Fuels,424893.25,16.67,5.03,8.13,36,36.11,58.33,5.56,0,30,0,420827.58,422235.62,2657.63,5.26,8.13,36,38.89,55.56,5.56,0,30,0,420827.58,422238.61,2654.64
Sri Lanka,"Iran, Islamic Rep.",2010,Import,Fuels,644410.41,97.95,9,0.15,6,50,50,0,0,15,0,0,6413.51,637996.9,9,0.15,6,50,50,0,0,15,0,0,6413.51,637996.9
Sri Lanka,Israel,2010,Import,Fuels,250.18,0.55,15,15,1,100,0,0,0,15,15,0,250.18,0,15,15,1,100,0,0,0,15,15,0,250.18,0
Sri Lanka,Italy,2010,Import,Fuels,30.88,0.02,6.56,7.33,15,40,53.33,6.67,0,30,0,1.81,15.78,15.11,6.56,7.33,15,40,53.33,6.67,0,30,0,1.81,15.78,15.11
Sri Lanka,Jordan,2010,Import,Fuels,9.39,0.96,0,0,1,0,100,0,0,0,0,0,0,9.39,0,0,1,0,100,0,0,0,0,0,0,9.39
Sri Lanka,Japan,2010,Import,Fuels,1134.71,0.19,9.91,9.54,15,53.33,40,6.67,0,30,0,1101.06,1134.38,0.33,9.91,9.54,15,53.33,40,6.67,0,30,0,1101.06,1134.38,0.33
Sri Lanka,"Korea, Rep.",2010,Import,Fuels,26.4,0.01,6.09,8.09,12,41.67,50,8.33,0,30,0,11.92,18.7,7.7,6.09,8.09,12,41.67,50,8.33,0,30,0,11.92,18.7,7.7
Sri Lanka,Kuwait,2010,Import,Fuels,508.11,4.27,3.75,3.75,5,20,60,20,0,15,0,508.11,508.11,0,3.75,3.75,5,20,60,20,0,15,0,508.11,508.11,0
Sri Lanka,Mexico,2010,Import,Fuels,31.46,1.67,4.69,6.46,11,36.36,54.55,9.09,0,30,0,21.67,21.67,9.79,4.69,6.46,11,36.36,54.55,9.09,0,30,0,21.67,21.67,9.79
Sri Lanka,Mauritius,2010,Import,Fuels,919.39,16.51,2.5,2.5,2,50,50,0,0,5,0,0,919.39,0,2.5,2.5,2,50,50,0,0,5,0,0,919.39,0
Sri Lanka,Malaysia,2010,Import,Fuels,57005.04,14.87,9.72,7.77,20,60,35,5,0,30,0,43618.17,56966.32,38.72,9.72,7.77,20,60,35,5,0,30,0,43618.17,56966.32,38.72
Sri Lanka,Netherlands,2010,Import,Fuels,146.1,0.12,7.4,7.29,14,50,42.86,7.14,0,30,0,0.41,74.34,71.76,7.4,7.29,14,50,42.86,7.14,0,30,0,0.41,74.34,71.76
Sri Lanka,New Zealand,2010,Import,Fuels,144.58,0.2,0,0,2,0,100,0,0,0,0,0,0,144.58,0,0,2,0,100,0,0,0,0,0,0,144.58
Sri Lanka,"Other Asia, nes",2010,Import,Fuels,2342.81,0.89,,,,,,,,,,,,,,,,,,,,,,,,
Sri Lanka,Oman,2010,Import,Fuels,80115.41,88.88,5.94,5.02,11,45.45,45.45,9.09,0,30,0,29372.45,80115.41,0,5.94,5.02,11,45.45,45.45,9.09,0,30,0,29372.45,80115.41,0
Sri Lanka,Pakistan,2010,Import,Fuels,0.56,0,12.19,10.82,10,50,40,10,0,30,0,0.42,0.56,0,12.19,10.82,10,50,40,10,0,30,0,0.42,0.56,0
Sri Lanka,Poland,2010,Import,Fuels,27.47,0.27,0,0,1,0,100,0,0,0,0,0,0,27.47,0,0,1,0,100,0,0,0,0,0,0,27.47
Sri Lanka,"Korea, Dem. Rep.",2010,Import,Fuels,4623.24,12.86,9.38,9.38,9,44.44,44.44,11.11,0,30,0,4623.24,4623.24,0,9.38,9.38,9,44.44,44.44,11.11,0,30,0,4623.24,4623.24,0
Sri Lanka,Russian Federation,2010,Import,Fuels,26.05,0.1,7.5,14.54,2,50,50,0,0,15,0,0,25.26,0.8,7.5,14.54,2,50,50,0,0,15,0,0,25.26,0.8
Sri Lanka,Saudi Arabia,2010,Import,Fuels,137733.27,67.83,4.38,1.64,16,31.25,56.25,12.5,0,30,0,24202.13,24202.13,113531.15,4.38,1.64,16,31.25,56.25,12.5,0,30,0,24202.13,24202.13,113531.15
Sri Lanka,Singapore,2010,Import,Fuels,582396.58,36.05,4.41,7.39,30,36.67,56.67,6.67,0,30,0,522580.24,568472.83,13923.76,4.41,7.39,30,36.67,56.67,6.67,0,30,0,522580.24,568472.83,13923.76
Sri Lanka,Sweden,2010,Import,Fuels,0.16,0,9.38,9.38,9,44.44,44.44,11.11,0,30,0,0.16,0.16,0,9.38,9.38,9,44.44,44.44,11.11,0,30,0,0.16,0.16,0
Sri Lanka,Thailand,2010,Import,Fuels,2165.58,0.69,5.63,7.59,17,35.29,52.94,11.76,0,30,0,1611.32,1834.56,331.02,5.63,7.59,17,35.29,52.94,11.76,0,30,0,1611.32,1834.56,331.02
Sri Lanka,Turkey,2010,Import,Fuels,0.01,0,9.38,9.38,9,44.44,44.44,11.11,0,30,0,0.01,0.01,0,9.38,9.38,9,44.44,44.44,11.11,0,30,0,0.01,0.01,0
Sri Lanka,Unspecified,2010,Import,Fuels,13.83,0.21,9.38,9.38,9,44.44,44.44,11.11,0,30,0,13.83,13.83,0,9.38,9.38,9,44.44,44.44,11.11,0,30,0,13.83,13.83,0
Sri Lanka,United States,2010,Import,Fuels,1011.38,0.6,8.67,8.49,17,47.06,47.06,5.88,0,30,0,879.52,902.22,109.16,8.67,8.49,17,47.06,47.06,5.88,0,30,0,879.52,902.22,109.16
Sri Lanka, World,2010,Import,Fuels,2064297.16,16.71,6.23,4.95,520,40.38,51.15,8.46,0,30,0,1128537.97,1293649.18,770647.98,5.13,4.95,56,42.86,53.57,0.38,0,30,0,1128537.97,1293652.17,770644.99
Sri Lanka,Yemen,2010,Import,Fuels,1166.23,26.92,9.38,9.38,9,44.44,44.44,11.11,0,30,0,1166.23,1166.23,0,9.38,9.38,9,44.44,44.44,11.11,0,30,0,1166.23,1166.23,0
Sri Lanka,South Africa,2010,Import,Fuels,326.04,1.82,2.63,4.88,17,29.41,58.82,11.76,0,30,0,286.02,286.02,40.02,2.63,4.88,17,29.41,58.82,11.76,0,30,0,286.02,286.02,40.02
Sri Lanka,East Asia & Pacific,2010,Import,Fuels,650336.74,11.85,6.4,7.45,146,42.47,50,7.53,0,30,0,574214.44,634973.35,15363.39,5.24,7.45,37,40.54,54.05,1.37,0,30,0,574214.44,634973.35,15363.39
Sri Lanka,Europe & Central Asia,2010,Import,Fuels,1279.64,0.07,5.68,3.92,144,38.89,52.78,8.33,0,30,0,251.6,432.66,846.98,4.6,3.92,30,33.33,60,1.39,0,30,0,251.6,432.66,846.98
Sri Lanka,Latin America & Caribbean,2010,Import,Fuels,1671.84,1.44,5.63,9.27,25,36,52,12,0,30,0,1662.05,1662.05,9.79,4.38,9.27,16,31.25,56.25,8,0,30,0,1662.05,1662.05,9.79
Sri Lanka,Middle East & North Africa,2010,Import,Fuels,981496.11,70.06,7.66,1.91,88,40.91,48.86,10.23,0,30,0,130352.44,229948.85,751547.26,7.9,1.91,28,46.43,46.43,2.27,0,30,0,130352.44,229948.85,751547.26
Sri Lanka,North America,2010,Import,Fuels,1011.38,0.24,8.67,8.49,17,47.06,47.06,5.88,0,30,0,879.52,902.22,109.16,8.67,8.49,17,47.06,47.06,5.88,0,30,0,879.52,902.22,109.16
Sri Lanka,South Asia,2010,Import,Fuels,424899.39,14.87,5.78,8.13,55,40,52.73,7.27,0,30,0,420833.58,422241.76,2657.63,5.26,8.13,36,38.89,55.56,3.64,0,30,0,420833.58,422244.75,2654.64
Sri Lanka,Sub-Saharan Africa,2010,Import,Fuels,1245.43,2.75,2.6,3.12,19,31.58,57.89,10.53,0,30,0,286.02,1205.41,40.02,2.6,3.12,19,31.58,57.89,10.53,0,30,0,286.02,1205.41,40.02
Sri Lanka,United Arab Emirates,2011,Import,Fuels,390151.71,47.88,5.04,7.61,28,35.71,57.14,7.14,0,30,0,347078.98,347160.78,42990.93,5.04,7.61,28,35.71,57.14,7.14,0,30,0,347078.98,347160.78,42990.93
Sri Lanka,Australia,2011,Import,Fuels,171.91,0.06,5,0.01,3,33.33,66.67,0,0,15,0,0,0.1,171.81,5,0.01,3,33.33,66.67,0,0,15,0,0,0.1,171.81
Sri Lanka,Austria,2011,Import,Fuels,0.35,0,15,15,1,100,0,0,0,15,15,0,0.35,0,15,15,1,100,0,0,0,15,15,0,0.35,0
Sri Lanka,Belgium,2011,Import,Fuels,18.3,0,3.13,9.2,12,33.33,58.33,8.33,0,30,0,17.97,17.97,0.33,3.13,9.2,12,33.33,58.33,8.33,0,30,0,17.97,17.97,0.33
Sri Lanka,Bangladesh,2011,Import,Fuels,0.07,0,9.38,9.38,9,44.44,44.44,11.11,0,30,0,0.07,0.07,0,9.38,9.38,9,44.44,44.44,11.11,0,30,0,0.07,0.07,0
Sri Lanka,Brazil,2011,Import,Fuels,0.79,0,9.38,9.38,9,44.44,44.44,11.11,0,30,0,0.79,0.79,0,9.38,9.38,9,44.44,44.44,11.11,0,30,0,0.79,0.79,0
Sri Lanka,Canada,2011,Import,Fuels,1.05,0,7.5,14.06,2,50,50,0,0,15,0,0,0.99,0.07,7.5,14.06,2,50,50,0,0,15,0,0,0.99,0.07
Sri Lanka,Switzerland,2011,Import,Fuels,39.21,0.01,9.84,13.9,12,50,41.67,8.33,0,30,0,1.3,36.83,2.38,9.84,13.9,12,50,41.67,8.33,0,30,0,1.3,36.83,2.38
Sri Lanka,China,2011,Import,Fuels,4811.08,0.23,5.13,6.63,24,37.5,58.33,4.17,0,30,0,2061.21,3518.43,1292.65,5.13,6.63,24,37.5,58.33,4.17,0,30,0,2061.21,3518.43,1292.65
Sri Lanka,Germany,2011,Import,Fuels,446.81,0.12,7.31,6.78,23,39.13,52.17,8.7,0,30,0,250.41,348.02,98.79,7.31,6.78,23,39.13,52.17,8.7,0,30,0,250.41,348.02,98.79
Sri Lanka,Denmark,2011,Import,Fuels,21.49,0.07,7.5,6.08,4,50,50,0,0,15,0,0,8.71,12.78,7.5,6.08,4,50,50,0,0,15,0,0,8.71,12.78
Sri Lanka,"Egypt, Arab Rep.",2011,Import,Fuels,23.43,0.18,3.75,3.75,5,20,60,20,0,15,0,23.43,23.43,0,3.75,3.75,5,20,60,20,0,15,0,23.43,23.43,0
Sri Lanka,Spain,2011,Import,Fuels,124.22,0.42,4.69,0.01,10,40,50,10,0,30,0,0.1,0.1,124.12,4.69,0.01,10,40,50,10,0,30,0,0.1,0.1,124.12
Sri Lanka,Finland,2011,Import,Fuels,0.66,0,4.69,6.27,10,40,50,10,0,30,0,0.44,0.44,0.22,4.69,6.27,10,40,50,10,0,30,0,0.44,0.44,0.22
Sri Lanka,France,2011,Import,Fuels,17719.97,7.75,6.09,9.37,13,38.46,53.85,7.69,0,30,0,17715.87,17715.89,4.08,6.09,9.37,13,38.46,53.85,7.69,0,30,0,17715.87,17715.89,4.08
Sri Lanka,United Kingdom,2011,Import,Fuels,160.13,0.05,5.28,9.31,23,34.78,56.52,8.7,0,30,0,120.77,144.78,15.36,5.28,9.31,23,34.78,56.52,8.7,0,30,0,120.77,144.78,15.36
Sri Lanka,Greece,2011,Import,Fuels,0.86,0.03,0,0,1,0,100,0,0,0,0,0,0,0.86,0,0,1,0,100,0,0,0,0,0,0,0.86
Sri Lanka,"Hong Kong, China",2011,Import,Fuels,209.59,0.03,5.63,2.23,16,37.5,56.25,6.25,0,30,0,43.94,47.58,162.01,5.63,2.23,16,37.5,56.25,6.25,0,30,0,43.94,47.58,162.01
Sri Lanka,Indonesia,2011,Import,Fuels,23631.85,6.83,0,0,3,0,100,0,0,0,0,0,0,23631.85,0,0,3,0,100,0,0,0,0,0,0,23631.85
Sri Lanka,India,2011,Import,Fuels,904448.14,20.8,4.47,7.53,26,30.77,61.54,7.69,0,30,0,899295.69,899829.95,4618.2,4.47,7.53,26,30.77,61.54,7.69,0,30,0,899295.69,899829.95,4618.2
Sri Lanka,Ireland,2011,Import,Fuels,16.13,0.15,0,0,1,0,100,0,0,0,0,0,0,16.13,0,0,1,0,100,0,0,0,0,0,0,16.13
Sri Lanka,"Iran, Islamic Rep.",2011,Import,Fuels,1377358.33,95.74,5,0,4,25,75,0,0,15,0,0,22.9,1377335.42,5,0,4,25,75,0,0,15,0,0,22.9,1377335.42
Sri Lanka,Israel,2011,Import,Fuels,273.06,0.42,0,0,1,0,100,0,0,0,0,0,0,273.06,0,0,1,0,100,0,0,0,0,0,0,273.06
Sri Lanka,Italy,2011,Import,Fuels,57.8,0.02,9.91,9.14,16,50,43.75,6.25,0,30,0,21.66,43.36,14.44,9.91,9.14,16,50,43.75,6.25,0,30,0,21.66,43.36,14.44
Sri Lanka,Japan,2011,Import,Fuels,1737.91,0.17,7.77,9.51,16,43.75,50,6.25,0,30,0,1691.27,1735.95,1.95,7.77,9.51,16,43.75,50,6.25,0,30,0,1691.27,1735.95,1.95
Sri Lanka,"Korea, Rep.",2011,Import,Fuels,43525.27,11.25,7.88,9.37,13,46.15,46.15,7.69,0,30,0,43498.06,43506.41,18.86,7.88,9.37,13,46.15,46.15,7.69,0,30,0,43498.06,43506.41,18.86
Sri Lanka,Kuwait,2011,Import,Fuels,509.03,1.12,3.75,3.75,5,20,60,20,0,15,0,509.03,509.03,0,3.75,3.75,5,20,60,20,0,15,0,509.03,509.03,0
Sri Lanka,Malaysia,2011,Import,Fuels,76783.71,10.19,5.97,9.36,24,41.67,50,8.33,0,30,0,76544.28,76637.33,146.37,5.97,9.36,24,41.67,50,8.33,0,30,0,76544.28,76637.33,146.37
Sri Lanka,Netherlands,2011,Import,Fuels,326.3,0.4,7.77,6.47,15,46.67,46.67,6.67,0,30,0,14.73,146.33,179.97,7.77,6.47,15,46.67,46.67,6.67,0,30,0,14.73,146.33,179.97
Sri Lanka,New Zealand,2011,Import,Fuels,222.93,0.08,0,0,2,0,100,0,0,0,0,0,0,222.93,0,0,2,0,100,0,0,0,0,0,0,222.93
Sri Lanka,"Other Asia, nes",2011,Import,Fuels,1150.02,0.33,,,,,,,,,,,,,,,,,,,,,,,,
Sri Lanka,Oman,2011,Import,Fuels,210419.9,94.3,5.94,3.95,11,45.45,45.45,9.09,0,30,0,44479.47,210419.9,0,5.94,3.95,11,45.45,45.45,9.09,0,30,0,44479.47,210419.9,0
Sri Lanka,Pakistan,2011,Import,Fuels,0,0,0,0,1,0,100,0,0,0,0,0,0,0,0,0,1,0,100,0,0,0,0,0,0,0
Sri Lanka,Qatar,2011,Import,Fuels,140397.75,80.3,9.38,9.38,9,44.44,44.44,11.11,0,30,0,140397.75,140397.75,0,9.38,9.38,9,44.44,44.44,11.11,0,30,0,140397.75,140397.75,0
Sri Lanka,Russian Federation,2011,Import,Fuels,14.08,0.02,0,0,3,0,100,0,0,0,0,0,0,14.08,0,0,3,0,100,0,0,0,0,0,0,14.08
Sri Lanka,Saudi Arabia,2011,Import,Fuels,1.92,0,4.69,9.24,11,36.36,54.55,9.09,0,30,0,1.89,1.89,0.03,4.69,9.24,11,36.36,54.55,9.09,0,30,0,1.89,1.89,0.03
Sri Lanka,Singapore,2011,Import,Fuels,701528.95,45.59,3.57,7.71,31,29.03,64.52,6.45,0,30,0,606699.33,611225.58,90303.37,3.57,7.71,31,29.03,64.52,6.45,0,30,0,606699.33,611225.58,90303.37
Sri Lanka,El Salvador,2011,Import,Fuels,37015.77,99.83,9.38,9.38,9,44.44,44.44,11.11,0,30,0,37015.77,37015.77,0,9.38,9.38,9,44.44,44.44,11.11,0,30,0,37015.77,37015.77,0
Sri Lanka,Sweden,2011,Import,Fuels,37.14,0.06,9.38,9.38,9,44.44,44.44,11.11,0,30,0,37.14,37.14,0,9.38,9.38,9,44.44,44.44,11.11,0,30,0,37.14,37.14,0
Sri Lanka,Thailand,2011,Import,Fuels,2320.45,0.47,6.16,6.69,19,36.84,52.63,10.53,0,30,0,1592.43,1691.86,628.59,6.16,6.69,19,36.84,52.63,10.53,0,30,0,1592.43,1691.86,628.59
Sri Lanka,Turkey,2011,Import,Fuels,16.65,0.03,9.38,9.38,9,44.44,44.44,11.11,0,30,0,16.65,16.65,0,9.38,9.38,9,44.44,44.44,11.11,0,30,0,16.65,16.65,0
Sri Lanka,Unspecified,2011,Import,Fuels,47597.72,89.04,9.38,9.38,9,44.44,44.44,11.11,0,30,0,47597.72,47597.72,0,9.38,9.38,9,44.44,44.44,11.11,0,30,0,47597.72,47597.72,0
Sri Lanka,United States,2011,Import,Fuels,644.11,0.22,6.32,6.14,19,42.11,52.63,5.26,0,30,0,342.79,395.16,248.95,6.32,6.14,19,42.11,52.63,5.26,0,30,0,342.79,395.16,248.95
Sri Lanka,Vietnam,2011,Import,Fuels,0.13,0,0,0,1,0,100,0,0,0,0,0,0,0.13,0,0,1,0,100,0,0,0,0,0,0,0.13
Sri Lanka, World,2011,Import,Fuels,3985219.33,20.23,5.68,4.9,510,38.24,53.73,8.04,0,30,0,2268186.33,2442476.2,1542743.13,4.06,4.9,56,37.5,58.93,0.39,0,30,0,2268186.33,2442476.2,1542743.13
Sri Lanka,Yemen,2011,Import,Fuels,485.51,16.64,9.38,9.38,9,44.44,44.44,11.11,0,30,0,485.51,485.51,0,9.38,9.38,9,44.44,44.44,11.11,0,30,0,485.51,485.51,0
Sri Lanka,South Africa,2011,Import,Fuels,797.14,2.22,4.38,4.44,15,33.33,53.33,13.33,0,30,0,629.58,629.58,167.56,4.38,4.44,15,33.33,53.33,13.33,0,30,0,629.58,629.58,167.56
Sri Lanka,East Asia & Pacific,2011,Import,Fuels,854943.77,10.58,5.06,7.72,152,36.18,57.24,6.58,0,30,0,732130.53,738363.25,116580.52,3.98,7.72,38,31.58,63.16,1.32,0,30,0,732130.53,738363.25,116580.52
Sri Lanka,Europe & Central Asia,2011,Import,Fuels,19000.11,0.68,6.62,9.19,162,40.74,51.23,8.02,0,30,0,18197.05,18516.57,483.53,4.64,9.19,32,31.25,62.5,1.23,0,30,0,18197.05,18516.57,483.53
Sri Lanka,Latin America & Caribbean,2011,Import,Fuels,37016.56,29.53,9.38,9.38,18,44.44,44.44,11.11,0,30,0,37016.56,37016.56,0,9.38,9.38,9,44.44,44.44,5.56,0,30,0,37016.56,37016.56,0
Sri Lanka,Middle East & North Africa,2011,Import,Fuels,2119620.63,73.94,5.12,2.42,83,36.14,54.22,9.64,0,30,0,532976.06,699021.19,1420599.44,5.33,2.42,31,35.48,58.06,2.41,0,30,0,532976.06,699021.19,1420599.44
Sri Lanka,North America,2011,Import,Fuels,645.16,0.1,6.53,6.15,21,42.86,52.38,4.76,0,30,0,342.79,396.15,249.01,6.32,6.15,19,42.11,52.63,4.76,0,30,0,342.79,396.15,249.01
Sri Lanka,South Asia,2011,Import,Fuels,904448.22,19.12,4.5,7.53,36,33.33,58.33,8.33,0,30,0,899295.77,899830.02,4618.2,4.15,7.53,27,29.63,62.96,5.56,0,30,0,899295.77,899830.02,4618.2
Sri Lanka,Sub-Saharan Africa,2011,Import,Fuels,797.14,0.96,4.38,4.44,15,33.33,53.33,13.33,0,30,0,629.58,629.58,167.56,4.38,4.44,15,33.33,53.33,13.33,0,30,0,629.58,629.58,167.56
Sri Lanka,Andorra,2012,Import,Fuels,1724.33,73.77,,,,,,,,,,,,,,,,,,,,,,,,
Sri Lanka,United Arab Emirates,2012,Import,Fuels,906270.98,70.08,5.76,1.76,28,39.29,53.57,7.14,0,30,0,178987.92,189717.3,777353.97,5.76,1.76,28,39.29,53.57,7.14,0,30,0,178987.92,189717.3,777353.97
Sri Lanka,Australia,2012,Import,Fuels,306.4,0.14,4.69,0.1,10,40,50,10,0,30,0,1.26,1.26,117.05,4.69,0.1,10,40,50,10,0,30,0,1.26,1.26,117.05
Sri Lanka,Belgium,2012,Import,Fuels,271.78,0.07,4.88,7.66,13,38.46,53.85,7.69,0,30,0,339.39,339.68,76.12,4.88,7.66,13,38.46,53.85,7.69,0,30,0,339.39,339.68,76.12
Sri Lanka,Bahrain,2012,Import,Fuels,265.43,9.32,4.69,9.11,10,40,50,10,0,30,0,53111.01,53111.01,1539.68,4.69,9.11,10,40,50,10,0,30,0,53111.01,53111.01,1539.68
Sri Lanka,Brazil,2012,Import,Fuels,64.12,0.06,9.38,9.38,9,44.44,44.44,11.11,0,30,0,12.18,12.18,0,9.38,9.38,9,44.44,44.44,11.11,0,30,0,12.18,12.18,0
Sri Lanka,Canada,2012,Import,Fuels,9.06,0,8.13,12.13,11,45.45,45.45,9.09,0,30,0,9.54,21.24,0.59,8.13,12.13,11,45.45,45.45,9.09,0,30,0,9.54,21.24,0.59
Sri Lanka,China,2012,Import,Fuels,2541.03,0.1,4.53,8.79,20,35,60,5,0,30,0,20484.57,20788.21,1579.18,4.53,8.79,20,35,60,5,0,30,0,20484.57,20788.21,1579.18
Sri Lanka,Germany,2012,Import,Fuels,283.41,0.09,5.17,5.15,21,38.1,57.14,4.76,0,30,0,148.22,174.53,166.61,5.17,5.15,21,38.1,57.14,4.76,0,30,0,148.22,174.53,166.61
Sri Lanka,Denmark,2012,Import,Fuels,17.07,0.05,0,0,1,0,100,0,0,0,0,0,0,6.69,0,0,1,0,100,0,0,0,0,0,0,6.69
Sri Lanka,France,2012,Import,Fuels,13950.7,9.61,3.28,9.33,17,29.41,58.82,11.76,0,30,0,3436.4,3436.4,0.16,3.28,9.33,17,29.41,58.82,11.76,0,30,0,3436.4,3436.4,0.16
Sri Lanka,United Kingdom,2012,Import,Fuels,308.35,0.1,4.94,2.81,20,35,60,5,0,30,0,242.63,249.52,595.63,4.94,2.81,20,35,60,5,0,30,0,242.63,249.52,595.63
Sri Lanka,Greece,2012,Import,Fuels,5.71,0.12,0,0,1,0,100,0,0,0,0,0,0,1.94,0,0,1,0,100,0,0,0,0,0,0,1.94
Sri Lanka,"Hong Kong, China",2012,Import,Fuels,203.42,0.03,4.88,0,13,38.46,53.85,7.69,0,30,0,0.01,0.01,238.66,4.88,0,13,38.46,53.85,7.69,0,30,0,0.01,0.01,238.66
Sri Lanka,Indonesia,2012,Import,Fuels,119271.18,28.51,2.38,0.06,14,35.71,57.14,7.14,0,30,0,56.12,2342.7,99743.03,2.38,0.06,14,35.71,57.14,7.14,0,30,0,56.12,2342.7,99743.03
Sri Lanka,India,2012,Import,Fuels,516833.63,14.7,5.88,7.66,28,35.71,57.14,7.14,0,30,0,438762.01,439496.59,5598.33,5.88,7.66,28,35.71,57.14,7.14,0,30,0,438762.01,439496.59,5598.33
Sri Lanka,Ireland,2012,Import,Fuels,14.96,0.22,0,0,1,0,100,0,0,0,0,0,0,9.91,0,0,1,0,100,0,0,0,0,0,0,9.91
Sri Lanka,"Iran, Islamic Rep.",2012,Import,Fuels,622044.34,93.99,1.88,0.01,6,16.67,66.67,16.67,0,15,0,0.03,0.03,12.85,1.88,0.01,6,16.67,66.67,16.67,0,15,0,0.03,0.03,12.85
Sri Lanka,Italy,2012,Import,Fuels,53.79,0.02,2.4,5.8,14,35.71,57.14,7.14,0,30,0,75.78,75.86,46.61,2.4,5.8,14,35.71,57.14,7.14,0,30,0,75.78,75.86,46.61
Sri Lanka,Japan,2012,Import,Fuels,2794.99,0.5,8.67,9.39,17,47.06,47.06,5.88,0,30,0,2212.2,2229.57,6.07,8.67,9.39,17,47.06,47.06,5.88,0,30,0,2212.2,2229.57,6.07
Sri Lanka,"Korea, Rep.",2012,Import,Fuels,10228.38,3.17,4.79,9.04,22,31.82,59.09,9.09,0,30,0,10738.76,10838.35,130.97,4.79,9.04,22,31.82,59.09,9.09,0,30,0,10738.76,10838.35,130.97
Sri Lanka,Kuwait,2012,Import,Fuels,614.52,4.33,9.38,4.59,15,40,46.67,13.33,0,30,0,932.06,964.01,0,9.38,4.59,15,40,46.67,13.33,0,30,0,932.06,964.01,0
Sri Lanka,Maldives,2012,Import,Fuels,0,0,4.69,0.03,10,40,50,10,0,30,0,0.08,0.08,27.29,4.69,0.03,10,40,50,10,0,30,0,0.08,0.08,27.29
Sri Lanka,Malaysia,2012,Import,Fuels,84594.8,15.37,6.31,7.74,22,40.91,50,9.09,0,30,0,97024.92,97090.69,843.83,6.31,7.74,22,40.91,50,9.09,0,30,0,97024.92,97090.69,843.83
Sri Lanka,Netherlands,2012,Import,Fuels,377.39,0.48,4.79,6.26,21,33.33,57.14,9.52,0,30,0,44.49,136.42,147.43,4.79,6.26,21,33.33,57.14,9.52,0,30,0,44.49,136.42,147.43
Sri Lanka,New Zealand,2012,Import,Fuels,299.59,0.12,0,0,2,0,100,0,0,0,0,0,0,416.9,0,0,2,0,100,0,0,0,0,0,0,416.9
Sri Lanka,"Other Asia, nes",2012,Import,Fuels,18341.18,4.79,,,,,,,,,,,,,,,,,,,,,,,,
Sri Lanka,Oman,2012,Import,Fuels,333630.16,95.52,2.6,0.96,20,30,60,10,0,30,0,51246.24,237635.36,511177.6,2.6,0.96,20,30,60,10,0,30,0,51246.24,237635.36,511177.6
Sri Lanka,Qatar,2012,Import,Fuels,35676.31,50,5.21,8.94,16,37.5,50,12.5,0,30,0,36769.24,39221.99,0,5.21,8.94,16,37.5,50,12.5,0,30,0,36769.24,39221.99,0
Sri Lanka,Saudi Arabia,2012,Import,Fuels,541118.05,88.51,6.13,2.11,19,36.84,52.63,10.53,0,30,0,30286.67,34067.03,105145.57,6.13,2.11,19,36.84,52.63,10.53,0,30,0,30286.67,34067.03,105145.57
Sri Lanka,Singapore,2012,Import,Fuels,614694.61,47.77,5.43,7.29,32,40.63,53.13,6.25,0,30,0,1376569.72,1376590.52,68861.77,5.43,7.29,32,40.63,53.13,6.25,0,30,0,1376569.72,1376590.52,68861.77
Sri Lanka,Sweden,2012,Import,Fuels,128.78,0.17,3.13,5.6,11,36.36,54.55,9.09,0,30,0,218.01,218.01,146.67,3.13,5.6,11,36.36,54.55,9.09,0,30,0,218.01,218.01,146.67
Sri Lanka,Thailand,2012,Import,Fuels,2218.58,0.48,5.81,9.09,22,36.36,54.55,9.09,0,30,0,12799.64,12804.2,357.22,5.81,9.09,22,36.36,54.55,9.09,0,30,0,12799.64,12804.2,357.22
Sri Lanka,Turkey,2012,Import,Fuels,33.05,0.06,9.84,12.47,12,50,41.67,8.33,0,30,0,31.08,74.34,1.09,9.84,12.47,12,50,41.67,8.33,0,30,0,31.08,74.34,1.09
Sri Lanka,Unspecified,2012,Import,Fuels,99.69,0.18,13.13,9.8,11,54.55,36.36,9.09,0,30,0,145.14,156.93,0,13.13,9.8,11,54.55,36.36,9.09,0,30,0,145.14,156.93,0
Sri Lanka,United States,2012,Import,Fuels,706.17,0.3,5.76,6.14,28,39.29,53.57,7.14,0,30,0,344.57,473.03,322.92,5.76,6.14,28,39.29,53.57,7.14,0,30,0,344.57,473.03,322.92
Sri Lanka, World,2012,Import,Fuels,3829995.95,21.41,5.38,4.59,610,37.54,53.77,8.69,0,30,0,2396256.45,2604847.53,1594506.52,4.06,4.59,57,36.84,57.89,0.49,0,30,0,2396256.45,2604847.53,1594506.52
Sri Lanka,East Asia & Pacific,2012,Import,Fuels,837152.98,11.41,5.38,6.93,183,38.25,54.1,7.65,0,30,0,1519936.95,1522735.26,172294.67,3.64,6.93,43,32.56,62.79,1.09,0,30,0,1519936.95,1522735.26,172294.67
Sri Lanka,Europe & Central Asia,2012,Import,Fuels,17169.32,0.74,4.8,7.33,170,36.47,55.29,8.24,0,30,0,4959.94,5129.25,1264.86,3.98,7.33,38,31.58,63.16,1.18,0,30,0,4959.94,5129.25,1264.86
Sri Lanka,Latin America & Caribbean,2012,Import,Fuels,64.12,0.04,9.38,9.38,18,44.44,44.44,11.11,0,30,0,35.36,35.36,0,9.38,9.38,9,44.44,44.44,5.56,0,30,0,35.36,35.36,0
Sri Lanka,Middle East & North Africa,2012,Import,Fuels,2439619.79,77.74,5.22,1.83,125,36,53.6,10.4,0,30,0,351333.27,554716.84,1395229.91,5.38,1.83,29,37.93,55.17,1.6,0,30,0,351333.27,554716.84,1395229.91
Sri Lanka,North America,2012,Import,Fuels,715.23,0.13,6.18,6.3,39,41.03,51.28,7.69,0,30,0,354.11,494.27,323.51,5.76,6.3,28,39.29,53.57,5.13,0,30,0,354.11,494.27,323.51
Sri Lanka,South Asia,2012,Import,Fuels,516833.63,13.22,5.74,7.66,38,36.84,55.26,7.89,0,30,0,438762.09,439496.67,5625.61,5.51,7.66,29,34.48,58.62,5.26,0,30,0,438762.09,439496.67,5625.61
Sri Lanka,United Arab Emirates,2013,Import,Fuels,967071.27,78.98,,,,,,,,,,,,,,,,,,,,,,,,
Sri Lanka,Australia,2013,Import,Fuels,118.32,0.06,,,,,,,,,,,,,,,,,,,,,,,,
Sri Lanka,Austria,2013,Import,Fuels,71.84,0.16,,,,,,,,,,,,,,,,,,,,,,,,
Sri Lanka,Belgium,2013,Import,Fuels,415.79,0.19,,,,,,,,,,,,,,,,,,,,,,,,
Sri Lanka,Bahrain,2013,Import,Fuels,54650.7,98.41,,,,,,,,,,,,,,,,,,,,,,,,
Sri Lanka,Brazil,2013,Import,Fuels,12.18,0.01,,,,,,,,,,,,,,,,,,,,,,,,
Sri Lanka,Canada,2013,Import,Fuels,21.83,0.01,,,,,,,,,,,,,,,,,,,,,,,,
Sri Lanka,Switzerland,2013,Import,Fuels,1.55,0,,,,,,,,,,,,,,,,,,,,,,,,
Sri Lanka,China,2013,Import,Fuels,22367.4,0.76,,,,,,,,,,,,,,,,,,,,,,,,
Sri Lanka,Czech Republic,2013,Import,Fuels,0.29,0,,,,,,,,,,,,,,,,,,,,,,,,
Sri Lanka,Germany,2013,Import,Fuels,341.14,0.09,,,,,,,,,,,,,,,,,,,,,,,,
Sri Lanka,Djibouti,2013,Import,Fuels,0.11,6.07,,,,,,,,,,,,,,,,,,,,,,,,
Sri Lanka,Denmark,2013,Import,Fuels,6.69,0.01,,,,,,,,,,,,,,,,,,,,,,,,
Sri Lanka,Spain,2013,Import,Fuels,55.67,0.12,,,,,,,,,,,,,,,,,,,,,,,,
Sri Lanka,Estonia,2013,Import,Fuels,11.06,0.36,,,,,,,,,,,,,,,,,,,,,,,,
Sri Lanka,Finland,2013,Import,Fuels,0.26,0,,,,,,,,,,,,,,,,,,,,,,,,
Sri Lanka,France,2013,Import,Fuels,3436.56,2.55,,,,,,,,,,,,,,,,,,,,,,,,
Sri Lanka,United Kingdom,2013,Import,Fuels,845.15,0.3,,,,,,,,,,,,,,,,,,,,,,,,
Sri Lanka,Greece,2013,Import,Fuels,1.94,0.04,,,,,,,,,,,,,,,,,,,,,,,,
Sri Lanka,"Hong Kong, China",2013,Import,Fuels,238.66,0.06,,,,,,,,,,,,,,,,,,,,,,,,
Sri Lanka,Indonesia,2013,Import,Fuels,102085.73,23.16,,,,,,,,,,,,,,,,,,,,,,,,
Sri Lanka,India,2013,Import,Fuels,445094.91,14.24,,,,,,,,,,,,,,,,,,,,,,,,
Sri Lanka,Ireland,2013,Import,Fuels,9.91,0.11,,,,,,,,,,,,,,,,,,,,,,,,
Sri Lanka,"Iran, Islamic Rep.",2013,Import,Fuels,12.88,0.11,,,,,,,,,,,,,,,,,,,,,,,,
Sri Lanka,Israel,2013,Import,Fuels,0.25,0,,,,,,,,,,,,,,,,,,,,,,,,
Sri Lanka,Italy,2013,Import,Fuels,122.47,0.05,,,,,,,,,,,,,,,,,,,,,,,,
Sri Lanka,Japan,2013,Import,Fuels,2235.63,0.33,,,,,,,,,,,,,,,,,,,,,,,,
Sri Lanka,"Korea, Rep.",2013,Import,Fuels,10969.31,3.67,,,,,,,,,,,,,,,,,,,,,,,,
Sri Lanka,Kuwait,2013,Import,Fuels,964.01,5.49,,,,,,,,,,,,,,,,,,,,,,,,
Sri Lanka,Maldives,2013,Import,Fuels,27.36,0.21,,,,,,,,,,,,,,,,,,,,,,,,
Sri Lanka,Mexico,2013,Import,Fuels,23.18,0.48,,,,,,,,,,,,,,,,,,,,,,,,
Sri Lanka,Malaysia,2013,Import,Fuels,97934.52,17.2,,,,,,,,,,,,,,,,,,,,,,,,
Sri Lanka,Netherlands,2013,Import,Fuels,283.86,0.33,,,,,,,,,,,,,,,,,,,,,,,,
Sri Lanka,Norway,2013,Import,Fuels,0.06,0,,,,,,,,,,,,,,,,,,,,,,,,
Sri Lanka,New Zealand,2013,Import,Fuels,416.9,0.19,,,,,,,,,,,,,,,,,,,,,,,,
Sri Lanka,"Other Asia, nes",2013,Import,Fuels,82073.32,18.05,,,,,,,,,,,,,,,,,,,,,,,,
Sri Lanka,Oman,2013,Import,Fuels,748812.96,96.78,,,,,,,,,,,,,,,,,,,,,,,,
Sri Lanka,Poland,2013,Import,Fuels,349.76,2.68,,,,,,,,,,,,,,,,,,,,,,,,
Sri Lanka,Qatar,2013,Import,Fuels,39221.99,42.56,,,,,,,,,,,,,,,,,,,,,,,,
Sri Lanka,Saudi Arabia,2013,Import,Fuels,139212.59,61.42,,,,,,,,,,,,,,,,,,,,,,,,
Sri Lanka,Singapore,2013,Import,Fuels,1445452.29,80.38,,,,,,,,,,,,,,,,,,,,,,,,
Sri Lanka,Sweden,2013,Import,Fuels,364.68,0.52,,,,,,,,,,,,,,,,,,,,,,,,
Sri Lanka,Seychelles,2013,Import,Fuels,12.29,0.47,,,,,,,,,,,,,,,,,,,,,,,,
Sri Lanka,Thailand,2013,Import,Fuels,13161.42,3.08,,,,,,,,,,,,,,,,,,,,,,,,
Sri Lanka,Turkey,2013,Import,Fuels,75.43,0.19,,,,,,,,,,,,,,,,,,,,,,,,
Sri Lanka,Unspecified,2013,Import,Fuels,156.93,0.29,,,,,,,,,,,,,,,,,,,,,,,,
Sri Lanka,United States,2013,Import,Fuels,795.95,0.23,,,,,,,,,,,,,,,,,,,,,,,,
Sri Lanka,Vietnam,2013,Import,Fuels,49.75,0.03,,,,,,,,,,,,,,,,,,,,,,,,
Sri Lanka, World,2013,Import,Fuels,4199354.05,23.42,,,,,,,,,,,,,,,,,,,,,,,,
Sri Lanka,South Africa,2013,Import,Fuels,19765.3,54.35,,,,,,,,,,,,,,,,,,,,,,,,
Sri Lanka,East Asia & Pacific,2013,Import,Fuels,1695029.93,20.52,,,,,,,,,,,,,,,,,,,,,,,,
Sri Lanka,Europe & Central Asia,2013,Import,Fuels,6394.11,0.29,,,,,,,,,,,,,,,,,,,,,,,,
Sri Lanka,Latin America & Caribbean,2013,Import,Fuels,35.36,0.02,,,,,,,,,,,,,,,,,,,,,,,,
Sri Lanka,Middle East & North Africa,2013,Import,Fuels,1949946.75,77.69,,,,,,,,,,,,,,,,,,,,,,,,
Sri Lanka,North America,2013,Import,Fuels,817.78,0.13,,,,,,,,,,,,,,,,,,,,,,,,
Sri Lanka,South Asia,2013,Import,Fuels,445122.28,12.56,,,,,,,,,,,,,,,,,,,,,,,,
Sri Lanka,Sub-Saharan Africa,2013,Import,Fuels,19777.59,21.75,,,,,,,,,,,,,,,,,,,,,,,,
Sri Lanka,Albania,2014,Import,Fuels,6.9,7.32,0,0,1,0,100,0,0,0,0,0,0,6.9,0,0,1,0,100,0,0,0,0,0,0,6.9
Sri Lanka,United Arab Emirates,2014,Import,Fuels,1518282.05,86.47,5.07,1.56,25,36,64,0,0,25,0,0,340300.5,1177981.56,5.07,1.56,25,36,64,0,0,25,0,0,340300.5,1177981.56
Sri Lanka,Australia,2014,Import,Fuels,65.15,0.03,5.09,0.95,11,45.45,54.55,0,0,25,0,0,7.93,57.23,5.09,0.95,11,45.45,54.55,0,0,25,0,0,7.93,57.23
Sri Lanka,Austria,2014,Import,Fuels,0.01,0,15,15,1,100,0,0,0,15,15,0,0.01,0,15,15,1,100,0,0,0,15,15,0,0.01,0
Sri Lanka,Belgium,2014,Import,Fuels,223.88,0.22,5.05,3.53,15,40,60,0,0,25,0,0,87.38,136.51,5.05,3.53,15,40,60,0,0,25,0,0,87.38,136.51
Sri Lanka,Bahrain,2014,Import,Fuels,16536.25,88.79,3.89,6.17,10,40,60,0,0,25,0,0,13110.04,3426.21,3.89,6.17,10,40,60,0,0,25,0,0,13110.04,3426.21
Sri Lanka,Brazil,2014,Import,Fuels,50.09,0.04,7.78,7.78,9,44.44,55.56,0,0,25,0,0,50.09,0,7.78,7.78,9,44.44,55.56,0,0,25,0,0,50.09,0
Sri Lanka,Canada,2014,Import,Fuels,14.34,0,7.59,7.53,11,54.55,45.45,0,0,25,0,0,14.34,0,7.59,7.53,11,54.55,45.45,0,0,25,0,0,14.34,0
Sri Lanka,Switzerland,2014,Import,Fuels,4.08,0,3.89,7.64,10,40,60,0,0,25,0,0,4.01,0.07,3.89,7.64,10,40,60,0,0,25,0,0,4.01,0.07
Sri Lanka,China,2014,Import,Fuels,266882.24,7.82,4.42,7.58,29,34.48,65.52,0,0,25,0,0,265534.62,1347.61,4.42,7.58,29,34.48,65.52,0,0,25,0,0,265534.62,1347.61
Sri Lanka,Germany,2014,Import,Fuels,550.26,0.17,3.28,7.39,31,29.03,70.97,0,0,25,0,0,482.49,67.78,3.28,7.39,31,29.03,70.97,0,0,25,0,0,482.49,67.78
Sri Lanka,Denmark,2014,Import,Fuels,5.17,0.01,7.5,3.47,2,50,50,0,0,15,0,0,1.2,3.98,7.5,3.47,2,50,50,0,0,15,0,0,1.2,3.98
Sri Lanka,"Egypt, Arab Rep.",2014,Import,Fuels,0.63,0,15,15,1,100,0,0,0,15,15,0,0.63,0,15,15,1,100,0,0,0,15,15,0,0.63,0
Sri Lanka,Spain,2014,Import,Fuels,28.9,0.06,3.89,0.35,10,40,60,0,0,25,0,0,1.28,27.61,3.89,0.35,10,40,60,0,0,25,0,0,1.28,27.61
Sri Lanka,France,2014,Import,Fuels,177.57,0.11,5.39,6.13,14,35.71,64.29,0,0,25,0,0,177.57,0,5.39,6.13,14,35.71,64.29,0,0,25,0,0,177.57,0
Sri Lanka,United Kingdom,2014,Import,Fuels,879.54,0.3,3.98,2.83,27,33.33,66.67,0,0,25,0,0,317.24,562.31,3.98,2.83,27,33.33,66.67,0,0,25,0,0,317.24,562.31
Sri Lanka,Greece,2014,Import,Fuels,4.86,0.07,7.5,0.33,2,50,50,0,0,15,0,0,0.11,4.75,7.5,0.33,2,50,50,0,0,15,0,0,0.11,4.75
Sri Lanka,"Hong Kong, China",2014,Import,Fuels,247.03,0.07,3.8,0.02,15,40,60,0,0,25,0,0,0.74,246.29,3.8,0.02,15,40,60,0,0,25,0,0,0.74,246.29
Sri Lanka,Indonesia,2014,Import,Fuels,232158.68,39.3,1.56,0.02,14,28.57,71.43,0,0,25,0,0,538.43,231620.25,1.56,0.02,14,28.57,71.43,0,0,25,0,0,538.43,231620.25
Sri Lanka,India,2014,Import,Fuels,669063.64,16.82,3.73,6.39,32,31.25,68.75,0,0,25,0,0,662223.71,6839.93,3.73,6.39,32,31.25,68.75,0,0,25,0,0,662223.71,6839.93
Sri Lanka,Ireland,2014,Import,Fuels,19.54,0.14,0,0,1,0,100,0,0,0,0,0,0,19.54,0,0,1,0,100,0,0,0,0,0,0,19.54
Sri Lanka,"Iran, Islamic Rep.",2014,Import,Fuels,19.33,0.25,3.89,2.77,10,40,60,0,0,25,0,0,6.87,12.46,3.89,2.77,10,40,60,0,0,25,0,0,6.87,12.46
Sri Lanka,Italy,2014,Import,Fuels,108.62,0.04,6.06,4.78,14,42.86,57.14,0,0,25,0,0,60.28,48.34,6.06,4.78,14,42.86,57.14,0,0,25,0,0,60.28,48.34
Sri Lanka,Japan,2014,Import,Fuels,2980.76,0.32,3.25,7.71,16,37.5,62.5,0,0,25,0,0,2974.35,6.41,3.25,7.71,16,37.5,62.5,0,0,25,0,0,2974.35,6.41
Sri Lanka,"Korea, Rep.",2014,Import,Fuels,58554.36,14.15,3.7,7.71,22,31.82,68.18,0,0,25,0,0,58407.85,146.51,3.7,7.71,22,31.82,68.18,0,0,25,0,0,58407.85,146.51
Sri Lanka,Kuwait,2014,Import,Fuels,1130.8,5.11,8.59,4.38,15,40,60,0,0,25,0,0,1130.8,0,8.59,4.38,15,40,60,0,0,25,0,0,1130.8,0
Sri Lanka,Maldives,2014,Import,Fuels,0.06,0,0,0,1,0,100,0,0,0,0,0,0,0.06,0,0,1,0,100,0,0,0,0,0,0,0.06
Sri Lanka,Mexico,2014,Import,Fuels,23.17,0.3,7.78,7.78,9,44.44,55.56,0,0,25,0,0,23.17,0,7.78,7.78,9,44.44,55.56,0,0,25,0,0,23.17,0
Sri Lanka,Malaysia,2014,Import,Fuels,166221.91,23.22,4.53,6.93,22,36.36,63.64,0,0,25,0,0,161991.61,4230.31,4.53,6.93,22,36.36,63.64,0,0,25,0,0,161991.61,4230.31
Sri Lanka,Netherlands,2014,Import,Fuels,368.88,0.44,5.1,5.27,20,40,60,0,0,25,0,0,261.14,107.74,5.1,5.27,20,40,60,0,0,25,0,0,261.14,107.74
Sri Lanka,New Zealand,2014,Import,Fuels,638.94,0.25,0,0,2,0,100,0,0,0,0,0,0,638.94,0,0,2,0,100,0,0,0,0,0,0,638.94
Sri Lanka,"Other Asia, nes",2014,Import,Fuels,918.28,0.21,,,,,,,,,,,,,,,,,,,,,,,,
Sri Lanka,Oman,2014,Import,Fuels,318663.64,91.43,2.59,0.59,13,30.77,69.23,0,0,25,0,0,24203.76,294459.88,2.59,0.59,13,30.77,69.23,0,0,25,0,0,24203.76,294459.88
Sri Lanka,Poland,2014,Import,Fuels,147.04,0.84,3,3,5,20,80,0,0,15,0,0,147.04,0,3,3,5,20,80,0,0,15,0,0,147.04,0
Sri Lanka,"Korea, Dem. Rep.",2014,Import,Fuels,24.47,0.23,1.5,2.85,6,16.67,83.33,0,0,15,0,0,23.22,1.25,1.5,2.85,6,16.67,83.33,0,0,15,0,0,23.22,1.25
Sri Lanka,Qatar,2014,Import,Fuels,6142.16,9.71,0,0,2,0,100,0,0,0,0,0,0,6142.16,0,0,2,0,100,0,0,0,0,0,0,6142.16
Sri Lanka,Romania,2014,Import,Fuels,17.28,0.12,3,3,5,20,80,0,0,15,0,0,17.28,0,3,3,5,20,80,0,0,15,0,0,17.28,0
Sri Lanka,Russian Federation,2014,Import,Fuels,65204.58,25.05,0,0,1,0,100,0,0,0,0,0,0,65204.58,0,0,1,0,100,0,0,0,0,0,0,65204.58
Sri Lanka,Saudi Arabia,2014,Import,Fuels,33050.04,23.17,3.59,7.04,16,31.25,68.75,0,0,25,0,0,29962.52,3087.52,3.59,7.04,16,31.25,68.75,0,0,25,0,0,29962.52,3087.52
Sri Lanka,Singapore,2014,Import,Fuels,1003234.7,78.99,2.4,6.16,31,25.81,74.19,0,0,25,0,0,1000788.56,2446.14,2.4,6.16,31,25.81,74.19,0,0,25,0,0,1000788.56,2446.14
Sri Lanka,Sweden,2014,Import,Fuels,89.38,0.16,7.59,7.71,11,45.45,54.55,0,0,25,0,0,88.43,0.95,7.59,7.71,11,45.45,54.55,0,0,25,0,0,88.43,0.95
Sri Lanka,Eswatini,2014,Import,Fuels,0.05,0,7.78,7.78,9,44.44,55.56,0,0,25,0,0,0.05,0,7.78,7.78,9,44.44,55.56,0,0,25,0,0,0.05,0
Sri Lanka,Thailand,2014,Import,Fuels,31552.68,6.83,2.61,7.53,19,31.58,68.42,0,0,25,0,0,30553.76,998.91,2.61,7.53,19,31.58,68.42,0,0,25,0,0,30553.76,998.91
Sri Lanka,Turkey,2014,Import,Fuels,67.72,0.13,5.09,5.92,11,45.45,54.55,0,0,25,0,0,52.93,14.79,5.09,5.92,11,45.45,54.55,0,0,25,0,0,52.93,14.79
Sri Lanka,Ukraine,2014,Import,Fuels,11.33,0.23,7.78,7.78,9,44.44,55.56,0,0,25,0,0,11.33,0,7.78,7.78,9,44.44,55.56,0,0,25,0,0,11.33,0
Sri Lanka,United States,2014,Import,Fuels,988.01,0.2,4.29,4.99,27,33.33,66.67,0,0,25,0,0,554.06,433.95,4.29,4.99,27,33.33,66.67,0,0,25,0,0,554.06,433.95
Sri Lanka,Vietnam,2014,Import,Fuels,1853.89,0.96,3.89,0.33,11,36.36,63.64,0,0,25,0,0,79.24,1774.66,3.89,0.33,11,36.36,63.64,0,0,25,0,0,79.24,1774.66
Sri Lanka, World,2014,Import,Fuels,4397261.66,22.85,4.1,3.93,598,35.45,64.55,0,0,25,0,0,2595109.84,1802151.81,2.69,3.93,57,22.81,77.19,0,0,25,0,0,2595109.84,1802151.81
Sri Lanka,South Africa,2014,Import,Fuels,48.72,0.23,3.75,1.74,4,25,75,0,0,15,0,0,5.66,43.06,3.75,1.74,4,25,75,0,0,15,0,0,5.66,43.06
Sri Lanka,East Asia & Pacific,2014,Import,Fuels,1764414.82,19.79,3.33,5.71,198,32.83,67.17,0,0,25,0,0,1520900.3,243514.51,2.53,5.71,42,23.81,76.19,0,0,25,0,0,1520900.3,243514.51
Sri Lanka,Europe & Central Asia,2014,Import,Fuels,67915.57,3.28,4.6,0.19,190,36.84,63.16,0,0,25,0,0,1709.71,66205.86,2.72,0.19,40,25,75,0,0,25,0,0,1709.71,66205.86
Sri Lanka,Latin America & Caribbean,2014,Import,Fuels,73.26,0.04,7.78,7.78,18,44.44,55.56,0,0,25,0,0,73.26,0,7.78,7.78,9,44.44,55.56,0,0,25,0,0,73.26,0
Sri Lanka,Middle East & North Africa,2014,Import,Fuels,1893824.9,76.9,5.03,1.53,92,35.87,64.13,0,0,25,0,0,408715.11,1485109.79,5.9,1.53,26,38.46,61.54,0,0,25,0,0,408715.11,1485109.79
Sri Lanka,North America,2014,Import,Fuels,1002.35,0.12,4.91,5.02,38,39.47,60.53,0,0,25,0,0,568.4,433.95,4.29,5.02,27,33.33,66.67,0,0,25,0,0,568.4,433.95
Sri Lanka,South Asia,2014,Import,Fuels,669063.7,15.58,3.54,6.39,33,30.3,69.7,0,0,25,0,0,662223.71,6839.99,3.54,6.39,33,30.3,69.7,0,0,25,0,0,662223.71,6839.99
Sri Lanka,Sub-Saharan Africa,2014,Import,Fuels,48.77,0.08,4.56,1.75,13,38.46,61.54,0,0,25,0,0,5.71,43.06,4.56,1.75,13,38.46,61.54,0,0,25,0,0,5.71,43.06
Sri Lanka,Albania,2015,Import,Fuels,6.3,4.99,0,0,1,0,100,0,0,0,0,0,0,6.3,0,0,1,0,100,0,0,0,0,0,0,6.3
Sri Lanka,United Arab Emirates,2015,Import,Fuels,884174.2,82.4,4.42,1.33,27,33.33,59.26,7.41,0,25,0,161283.03,161343.06,722831.14,4.42,1.33,27,33.33,59.26,7.41,0,25,0,161283.03,161343.06,722831.14
Sri Lanka,Australia,2015,Import,Fuels,0.52,0,0,0,2,0,100,0,0,0,0,0,0,0.52,0,0,2,0,100,0,0,0,0,0,0,0.52
Sri Lanka,Austria,2015,Import,Fuels,1.08,0,5.42,7.83,11,45.45,45.45,9.09,0,25,0,0.87,0.99,0.1,5.42,7.83,11,45.45,45.45,9.09,0,25,0,0.87,0.99,0.1
Sri Lanka,Belgium,2015,Import,Fuels,382.56,0.26,2.5,5.43,17,29.41,58.82,11.76,0,25,0,244.55,244.55,138.01,2.5,5.43,17,29.41,58.82,11.76,0,25,0,244.55,244.55,138.01
Sri Lanka,Bahrain,2015,Import,Fuels,8520.66,34.14,2.92,4.04,12,33.33,58.33,8.33,0,25,0,3935.24,3935.24,4585.42,2.92,4.04,12,33.33,58.33,8.33,0,25,0,3935.24,3935.24,4585.42
Sri Lanka,Brazil,2015,Import,Fuels,35.75,0.03,8.75,8.75,9,44.44,44.44,11.11,0,25,0,35.75,35.75,0,8.75,8.75,9,44.44,44.44,11.11,0,25,0,35.75,35.75,0
Sri Lanka,Canada,2015,Import,Fuels,15.87,0.01,4.38,8.74,10,40,50,10,0,25,0,15.85,15.85,0.02,4.38,8.74,10,40,50,10,0,25,0,15.85,15.85,0.02
Sri Lanka,Switzerland,2015,Import,Fuels,10.83,0.01,8.75,8.75,9,44.44,44.44,11.11,0,25,0,10.83,10.83,0,8.75,8.75,9,44.44,44.44,11.11,0,25,0,10.83,10.83,0
Sri Lanka,China,2015,Import,Fuels,102272.99,2.74,3.59,7.69,30,30,63.33,6.67,0,25,0,97578.58,98189.69,4083.3,3.59,7.69,30,30,63.33,6.67,0,25,0,97578.58,98189.69,4083.3
Sri Lanka,Germany,2015,Import,Fuels,414.52,0.12,5.23,8.37,25,36,52,12,0,25,0,312.22,386.25,28.27,5.23,8.37,25,36,52,12,0,25,0,312.22,386.25,28.27
Sri Lanka,Denmark,2015,Import,Fuels,2.2,0.01,7.5,7.09,2,50,50,0,0,15,0,0,1.04,1.16,7.5,7.09,2,50,50,0,0,15,0,0,1.04,1.16
Sri Lanka,"Egypt, Arab Rep.",2015,Import,Fuels,2.32,0.01,15,15,1,100,0,0,0,15,15,0,2.32,0,15,15,1,100,0,0,0,15,15,0,2.32,0
Sri Lanka,Spain,2015,Import,Fuels,151.37,0.37,2.92,0.21,11,36.36,54.55,9.09,0,25,0,3.55,3.55,147.82,2.92,0.21,11,36.36,54.55,9.09,0,25,0,3.55,3.55,147.82
Sri Lanka,Estonia,2015,Import,Fuels,4.58,0.21,0,0,1,0,100,0,0,0,0,0,0,4.58,0,0,1,0,100,0,0,0,0,0,0,4.58
Sri Lanka,France,2015,Import,Fuels,155.6,0.13,5.83,7.27,19,36.84,52.63,10.53,0,25,0,154.69,155.36,0.24,5.83,7.27,19,36.84,52.63,10.53,0,25,0,154.69,155.36,0.24
Sri Lanka,United Kingdom,2015,Import,Fuels,957.82,0.2,4.42,3.26,26,34.62,57.69,7.69,0,25,0,348.81,361.04,596.77,4.42,3.26,26,34.62,57.69,7.69,0,25,0,348.81,361.04,596.77
Sri Lanka,Greece,2015,Import,Fuels,2.39,0.03,0,0,1,0,100,0,0,0,0,0,0,2.39,0,0,1,0,100,0,0,0,0,0,0,2.39
Sri Lanka,"Hong Kong, China",2015,Import,Fuels,15039.29,3.96,3.39,8.71,15,40,53.33,6.67,0,25,0,14969.11,14969.18,70.11,3.39,8.71,15,40,53.33,6.67,0,25,0,14969.11,14969.18,70.11
Sri Lanka,Indonesia,2015,Import,Fuels,39460.83,9.09,1.75,0,14,28.57,64.29,7.14,0,25,0,0.05,0.05,39460.78,1.75,0,14,28.57,64.29,7.14,0,25,0,0.05,0.05,39460.78
Sri Lanka,India,2015,Import,Fuels,573655.85,13.44,3.63,7.41,33,30.3,63.64,6.06,0,25,0,568845.8,569565.85,4090,3.63,7.41,33,30.3,63.64,6.06,0,25,0,568845.8,569565.85,4090
Sri Lanka,Ireland,2015,Import,Fuels,12.2,0.11,0,0,1,0,100,0,0,0,0,0,0,12.2,0,0,1,0,100,0,0,0,0,0,0,12.2
Sri Lanka,"Iran, Islamic Rep.",2015,Import,Fuels,11.47,0.16,0,0,2,0,100,0,0,0,0,0,0,11.47,0,0,2,0,100,0,0,0,0,0,0,11.47
Sri Lanka,Italy,2015,Import,Fuels,82.51,0.04,4.06,7.75,13,38.46,53.85,7.69,0,25,0,71.97,73.22,9.29,4.06,7.75,13,38.46,53.85,7.69,0,25,0,71.97,73.22,9.29
Sri Lanka,Japan,2015,Import,Fuels,4391.63,0.32,4.84,8.46,17,41.18,52.94,5.88,0,25,0,3419.4,4383.76,7.87,4.84,8.46,17,41.18,52.94,5.88,0,25,0,3419.4,4383.76,7.87
Sri Lanka,"Korea, Rep.",2015,Import,Fuels,15452.05,5.02,4.42,8.58,26,34.62,57.69,7.69,0,25,0,15262.73,15340.73,111.32,4.42,8.58,26,34.62,57.69,7.69,0,25,0,15262.73,15340.73,111.32
Sri Lanka,Kuwait,2015,Import,Fuels,8573.26,30.98,4.17,0.34,16,31.25,56.25,12.5,0,25,0,751.15,751.15,7822.12,4.17,0.34,16,31.25,56.25,12.5,0,25,0,751.15,751.15,7822.12
Sri Lanka,Maldives,2015,Import,Fuels,1346.8,6.73,4.42,8.75,12,41.67,50,8.33,0,25,0,1346.41,1346.46,0.34,7.92,8.75,12,41.67,50,8.33,0,25,0,1346.41,1346.46,0.34
Sri Lanka,Mexico,2015,Import,Fuels,48.81,0.48,8.13,8.75,10,50,40,10,0,25,0,48.67,48.81,0,8.13,8.75,10,50,40,10,0,25,0,48.67,48.81,0
Sri Lanka,Malaysia,2015,Import,Fuels,16651.18,3.26,3.47,7.69,19,31.58,63.16,5.26,0,25,0,14629.85,14639.08,2012.1,3.47,7.69,19,31.58,63.16,5.26,0,25,0,14629.85,14639.08,2012.1
Sri Lanka,Netherlands,2015,Import,Fuels,19036.42,16.46,2.5,3.75,20,30,60,10,0,25,0,18848.81,18921.4,115.02,2.5,3.75,20,30,60,10,0,25,0,18848.81,18921.4,115.02
Sri Lanka,New Zealand,2015,Import,Fuels,481.06,0.26,0,0,2,0,100,0,0,0,0,0,0,481.06,0,0,2,0,100,0,0,0,0,0,0,481.06
Sri Lanka,"Other Asia, nes",2015,Import,Fuels,2044.41,0.45,,,,,,,,,,,,,,,,,,,,,,,,
Sri Lanka,Oman,2015,Import,Fuels,214803.14,89.96,2.92,0.07,13,30.77,61.54,7.69,0,25,0,1798.71,1798.71,213004.42,2.92,0.07,13,30.77,61.54,7.69,0,25,0,1798.71,1798.71,213004.42
Sri Lanka,Portugal,2015,Import,Fuels,36.2,0.62,0,0,1,0,100,0,0,0,0,0,0,36.2,0,0,1,0,100,0,0,0,0,0,0,36.2
Sri Lanka,Qatar,2015,Import,Fuels,4215.33,11.86,0,0,2,0,100,0,0,0,0,0,0,4215.33,0,0,2,0,100,0,0,0,0,0,0,4215.33
Sri Lanka,Romania,2015,Import,Fuels,11.19,0.95,3.75,3.75,5,20,60,20,0,15,0,11.19,11.19,0,3.75,3.75,5,20,60,20,0,15,0,11.19,11.19,0
Sri Lanka,Russian Federation,2015,Import,Fuels,60757.26,25.1,0,0,1,0,100,0,0,0,0,0,0,60757.26,0,0,1,0,100,0,0,0,0,0,0,60757.26
Sri Lanka,Saudi Arabia,2015,Import,Fuels,6149.02,5.04,6.25,8.74,14,35.71,50,14.29,0,25,0,6149.02,6149.02,0,6.25,8.74,14,35.71,50,14.29,0,25,0,6149.02,6149.02,0
Sri Lanka,Singapore,2015,Import,Fuels,597695.03,64.77,2.36,6.36,31,25.81,67.74,6.45,0,25,0,590742.68,590774.5,6920.53,2.36,6.36,31,25.81,67.74,6.45,0,25,0,590742.68,590774.5,6920.53
Sri Lanka,Slovak Republic,2015,Import,Fuels,10.99,0.19,0,0,1,0,100,0,0,0,0,0,0,10.99,0,0,1,0,100,0,0,0,0,0,0,10.99
Sri Lanka,Sweden,2015,Import,Fuels,283.27,0.33,4.06,1.37,12,41.67,50,8.33,0,25,0,44.22,44.23,239.03,4.06,1.37,12,41.67,50,8.33,0,25,0,44.22,44.23,239.03
Sri Lanka,Thailand,2015,Import,Fuels,7469.1,1.5,5,7.13,19,36.84,52.63,10.53,0,25,0,6205.79,6220.58,1248.52,5,7.13,19,36.84,52.63,10.53,0,25,0,6205.79,6220.58,1248.52
Sri Lanka,Tokelau,2015,Import,Fuels,0.08,0.01,8.75,8.75,9,44.44,44.44,11.11,0,25,0,0.08,0.08,0,8.75,8.75,9,44.44,44.44,11.11,0,25,0,0.08,0.08,0
Sri Lanka,Turkey,2015,Import,Fuels,22.28,0.04,7.75,8.71,13,53.85,38.46,7.69,0,25,0,1.28,22.06,0.22,7.75,8.71,13,53.85,38.46,7.69,0,25,0,1.28,22.06,0.22
Sri Lanka,United States,2015,Import,Fuels,937.26,0.2,3.83,5.57,30,30,60,10,0,25,0,457.65,555.64,381.63,3.83,5.57,30,30,60,10,0,25,0,457.65,555.64,381.63
Sri Lanka,Vietnam,2015,Import,Fuels,2998.87,1.23,4.38,0.18,11,36.36,54.55,9.09,0,25,0,62.09,62.09,2936.78,4.38,0.18,11,36.36,54.55,9.09,0,25,0,62.09,62.09,2936.78
Sri Lanka, World,2015,Import,Fuels,2652876.31,13.99,3.91,4.04,593,34.4,57.17,8.43,0,25,0,1509174.35,1512313.21,1140563.1,2.8,4.04,57,22.81,71.93,0.51,0,25,0,1509174.35,1512313.21,1140563.1
Sri Lanka,South Africa,2015,Import,Fuels,64087.97,75.02,5,0,3,33.33,66.67,0,0,15,0,0,0.59,64087.37,5,0,3,33.33,66.67,0,0,15,0,0,0.59,64087.37
Sri Lanka,East Asia & Pacific,2015,Import,Fuels,801912.54,8.98,3.41,6.32,186,32.26,60.75,6.99,0,25,0,742870.28,744579.65,57332.89,2.42,6.32,44,22.73,72.73,1.08,0,25,0,742870.28,744579.65,57332.89
Sri Lanka,Europe & Central Asia,2015,Import,Fuels,82341.56,3.61,4.2,1,190,35.79,54.74,9.47,0,25,0,20052.98,20235.71,62105.86,3.65,1,39,28.21,64.1,1.58,0,25,0,20052.98,20235.71,62105.86
Sri Lanka,Latin America & Caribbean,2015,Import,Fuels,84.56,0.05,8.33,8.75,19,47.37,42.11,10.53,0,25,0,84.43,84.56,0,8.13,8.75,10,50,40,5.26,0,25,0,84.43,84.56,0
Sri Lanka,Middle East & North Africa,2015,Import,Fuels,1126449.4,70.18,4.11,1.14,87,32.18,58.62,9.2,0,25,0,173917.15,173979.5,952469.91,4.42,1.14,27,33.33,59.26,2.3,0,25,0,173917.15,173979.5,952469.91
Sri Lanka,North America,2015,Import,Fuels,953.14,0.13,3.9,5.62,40,32.5,57.5,10,0,25,0,473.5,571.49,381.64,3.59,5.62,31,29.03,61.29,7.5,0,25,0,473.5,571.49,381.64
Sri Lanka,South Asia,2015,Import,Fuels,575002.65,12.44,3.73,7.41,45,33.33,60,6.67,0,25,0,570192.21,570912.31,4090.34,3.63,7.41,33,30.3,63.64,4.44,0,25,0,570192.21,570912.31,4090.34
Sri Lanka,Sub-Saharan Africa,2015,Import,Fuels,64087.97,54.11,5,0,3,33.33,66.67,0,0,15,0,0,0.59,64087.37,5,0,3,33.33,66.67,0,0,15,0,0,0.59,64087.37
Sri Lanka,Albania,2016,Import,Fuels,6.91,4.86,,,,,,,,,,,,,,,,,,,,,,,,
Sri Lanka,United Arab Emirates,2016,Import,Fuels,712570.33,66.77,,,,,,,,,,,,,,,,,,,,,,,,
Sri Lanka,Australia,2016,Import,Fuels,1.56,0,,,,,,,,,,,,,,,,,,,,,,,,
Sri Lanka,Belgium,2016,Import,Fuels,357.17,0.51,,,,,,,,,,,,,,,,,,,,,,,,
Sri Lanka,Bahrain,2016,Import,Fuels,394.85,2.82,,,,,,,,,,,,,,,,,,,,,,,,
Sri Lanka,Brazil,2016,Import,Fuels,25.31,0.01,,,,,,,,,,,,,,,,,,,,,,,,
Sri Lanka,Canada,2016,Import,Fuels,61.51,0.02,,,,,,,,,,,,,,,,,,,,,,,,
Sri Lanka,Switzerland,2016,Import,Fuels,10.79,0,,,,,,,,,,,,,,,,,,,,,,,,
Sri Lanka,China,2016,Import,Fuels,155258.47,3.64,,,,,,,,,,,,,,,,,,,,,,,,
Sri Lanka,Czech Republic,2016,Import,Fuels,0.76,0.01,,,,,,,,,,,,,,,,,,,,,,,,
Sri Lanka,Germany,2016,Import,Fuels,320.8,0.07,,,,,,,,,,,,,,,,,,,,,,,,
Sri Lanka,Denmark,2016,Import,Fuels,3.56,0.01,,,,,,,,,,,,,,,,,,,,,,,,
Sri Lanka,"Egypt, Arab Rep.",2016,Import,Fuels,9.88,0.04,,,,,,,,,,,,,,,,,,,,,,,,
Sri Lanka,Spain,2016,Import,Fuels,142.07,0.18,,,,,,,,,,,,,,,,,,,,,,,,
Sri Lanka,Estonia,2016,Import,Fuels,8.25,0.14,,,,,,,,,,,,,,,,,,,,,,,,
Sri Lanka,Finland,2016,Import,Fuels,0.02,0,,,,,,,,,,,,,,,,,,,,,,,,
Sri Lanka,France,2016,Import,Fuels,295.7,0.1,,,,,,,,,,,,,,,,,,,,,,,,
Sri Lanka,United Kingdom,2016,Import,Fuels,361.35,0.08,,,,,,,,,,,,,,,,,,,,,,,,
Sri Lanka,Greece,2016,Import,Fuels,58.54,0.79,,,,,,,,,,,,,,,,,,,,,,,,
Sri Lanka,"Hong Kong, China",2016,Import,Fuels,89.83,0.02,,,,,,,,,,,,,,,,,,,,,,,,
Sri Lanka,Indonesia,2016,Import,Fuels,37767.38,9.96,,,,,,,,,,,,,,,,,,,,,,,,
Sri Lanka,India,2016,Import,Fuels,384322.06,10.05,,,,,,,,,,,,,,,,,,,,,,,,
Sri Lanka,Ireland,2016,Import,Fuels,12.12,0.07,,,,,,,,,,,,,,,,,,,,,,,,
Sri Lanka,"Iran, Islamic Rep.",2016,Import,Fuels,0.22,0,,,,,,,,,,,,,,,,,,,,,,,,
Sri Lanka,Israel,2016,Import,Fuels,0.07,0,,,,,,,,,,,,,,,,,,,,,,,,
Sri Lanka,Italy,2016,Import,Fuels,83.66,0.03,,,,,,,,,,,,,,,,,,,,,,,,
Sri Lanka,Japan,2016,Import,Fuels,3308.49,0.35,,,,,,,,,,,,,,,,,,,,,,,,
Sri Lanka,"Korea, Rep.",2016,Import,Fuels,13859.94,4.27,,,,,,,,,,,,,,,,,,,,,,,,
Sri Lanka,Kuwait,2016,Import,Fuels,484.48,2.81,,,,,,,,,,,,,,,,,,,,,,,,
Sri Lanka,Maldives,2016,Import,Fuels,59846.83,69.44,,,,,,,,,,,,,,,,,,,,,,,,
Sri Lanka,Mexico,2016,Import,Fuels,42.42,0.33,,,,,,,,,,,,,,,,,,,,,,,,
Sri Lanka,Malaysia,2016,Import,Fuels,116553.93,18.15,,,,,,,,,,,,,,,,,,,,,,,,
Sri Lanka,Nigeria,2016,Import,Fuels,0.37,0.11,,,,,,,,,,,,,,,,,,,,,,,,
Sri Lanka,Netherlands,2016,Import,Fuels,265.38,0.23,,,,,,,,,,,,,,,,,,,,,,,,
Sri Lanka,New Zealand,2016,Import,Fuels,374.29,0.19,,,,,,,,,,,,,,,,,,,,,,,,
Sri Lanka,"Other Asia, nes",2016,Import,Fuels,1983.9,0.4,,,,,,,,,,,,,,,,,,,,,,,,
Sri Lanka,Oman,2016,Import,Fuels,23773.61,62.08,,,,,,,,,,,,,,,,,,,,,,,,
Sri Lanka,Philippines,2016,Import,Fuels,0.01,0,,,,,,,,,,,,,,,,,,,,,,,,
Sri Lanka,Poland,2016,Import,Fuels,52.3,0.19,,,,,,,,,,,,,,,,,,,,,,,,
Sri Lanka,Portugal,2016,Import,Fuels,29.87,0.38,,,,,,,,,,,,,,,,,,,,,,,,
Sri Lanka,Russian Federation,2016,Import,Fuels,13862.78,6.95,,,,,,,,,,,,,,,,,,,,,,,,
Sri Lanka,Saudi Arabia,2016,Import,Fuels,14881.24,10.95,,,,,,,,,,,,,,,,,,,,,,,,
Sri Lanka,Singapore,2016,Import,Fuels,605885.39,58.81,,,,,,,,,,,,,,,,,,,,,,,,
Sri Lanka,Slovak Republic,2016,Import,Fuels,4.72,0.03,,,,,,,,,,,,,,,,,,,,,,,,
Sri Lanka,Slovenia,2016,Import,Fuels,0.08,0,,,,,,,,,,,,,,,,,,,,,,,,
Sri Lanka,Sweden,2016,Import,Fuels,244.6,0.38,,,,,,,,,,,,,,,,,,,,,,,,
Sri Lanka,Thailand,2016,Import,Fuels,7619.07,1.48,,,,,,,,,,,,,,,,,,,,,,,,
Sri Lanka,Turkey,2016,Import,Fuels,59.53,0.09,,,,,,,,,,,,,,,,,,,,,,,,
Sri Lanka,Ukraine,2016,Import,Fuels,10.09,0.02,,,,,,,,,,,,,,,,,,,,,,,,
Sri Lanka,United States,2016,Import,Fuels,748.65,0.14,,,,,,,,,,,,,,,,,,,,,,,,
Sri Lanka,Vietnam,2016,Import,Fuels,4724.82,1.75,,,,,,,,,,,,,,,,,,,,,,,,
Sri Lanka, World,2016,Import,Fuels,2333656.71,11.97,,,,,,,,,,,,,,,,,,,,,,,,
Sri Lanka,South Africa,2016,Import,Fuels,172874.15,86.52,,,,,,,,,,,,,,,,,,,,,,,,
Sri Lanka,Zimbabwe,2016,Import,Fuels,2.62,16.6,,,,,,,,,,,,,,,,,,,,,,,,
Sri Lanka,East Asia & Pacific,2016,Import,Fuels,945443.19,10.13,,,,,,,,,,,,,,,,,,,,,,,,
Sri Lanka,Europe & Central Asia,2016,Import,Fuels,16191.04,0.59,,,,,,,,,,,,,,,,,,,,,,,,
Sri Lanka,Latin America & Caribbean,2016,Import,Fuels,67.73,0.03,,,,,,,,,,,,,,,,,,,,,,,,
Sri Lanka,Middle East & North Africa,2016,Import,Fuels,752114.67,52.64,,,,,,,,,,,,,,,,,,,,,,,,
Sri Lanka,North America,2016,Import,Fuels,810.15,0.1,,,,,,,,,,,,,,,,,,,,,,,,
Sri Lanka,South Asia,2016,Import,Fuels,444168.88,10.46,,,,,,,,,,,,,,,,,,,,,,,,
Sri Lanka,Sub-Saharan Africa,2016,Import,Fuels,172877.14,76.25,,,,,,,,,,,,,,,,,,,,,,,,
Sri Lanka,Albania,2017,Import,Fuels,13.15,10.66,0,0,1,0,100,0,0,0,0,0,0,13.15,0,0,1,0,100,0,0,0,0,0,0,13.15
Sri Lanka,Andorra,2017,Import,Fuels,15923.49,97.87,3.75,3.75,5,20,60,20,0,15,0,15923.49,15923.49,0,3.75,3.75,5,20,60,20,0,15,0,15923.49,15923.49,0
Sri Lanka,United Arab Emirates,2017,Import,Fuels,1084498.7,69.35,2.95,2.73,28,25,67.86,7.14,0,15,0,445188.99,445205.84,639292.86,2.95,2.73,28,25,67.86,7.14,0,15,0,445188.99,445205.84,639292.86
Sri Lanka,Argentina,2017,Import,Fuels,3.68,0.04,0,0,1,0,100,0,0,0,0,0,0,3.68,0,0,1,0,100,0,0,0,0,0,0,3.68
Sri Lanka,Belgium,2017,Import,Fuels,822.4,1.06,3.75,3.4,15,33.33,53.33,13.33,0,15,0,379.67,379.67,442.74,3.75,3.4,15,33.33,53.33,13.33,0,15,0,379.67,379.67,442.74
Sri Lanka,Bahrain,2017,Import,Fuels,736.05,4.46,0,0,1,0,100,0,0,0,0,0,0,736.05,0,0,1,0,100,0,0,0,0,0,0,736.05
Sri Lanka,Brazil,2017,Import,Fuels,17.28,0.01,7.5,7.5,9,44.44,44.44,11.11,0,15,0,17.28,17.28,0,7.5,7.5,9,44.44,44.44,11.11,0,15,0,17.28,17.28,0
Sri Lanka,Canada,2017,Import,Fuels,31.83,0.01,3.75,2.91,10,40,50,10,0,15,0,12.36,12.36,19.47,3.75,2.91,10,40,50,10,0,15,0,12.36,12.36,19.47
Sri Lanka,Switzerland,2017,Import,Fuels,13.79,0,3.75,7.49,10,40,50,10,0,15,0,13.78,13.78,0.01,3.75,7.49,10,40,50,10,0,15,0,13.78,13.78,0.01
Sri Lanka,China,2017,Import,Fuels,54363.04,1.3,4.02,3.68,26,30.77,61.54,7.69,0,15,0,52373.04,52375.05,1988,4.02,3.68,26,30.77,61.54,7.69,0,15,0,52373.04,52375.05,1988
Sri Lanka,Czech Republic,2017,Import,Fuels,14.39,0.1,0,0,1,0,100,0,0,0,0,0,0,14.39,0,0,1,0,100,0,0,0,0,0,0,14.39
Sri Lanka,Germany,2017,Import,Fuels,463.56,0.12,5.11,5.74,24,33.33,54.17,12.5,0,15,0,309.3,335.82,127.74,5.11,5.74,24,33.33,54.17,12.5,0,15,0,309.3,335.82,127.74
Sri Lanka,Denmark,2017,Import,Fuels,9.79,0.02,7.5,8.1,11,45.45,45.45,9.09,0,15,0,8.75,9.66,0.13,7.5,8.1,11,45.45,45.45,9.09,0,15,0,8.75,9.66,0.13
Sri Lanka,"Egypt, Arab Rep.",2017,Import,Fuels,44.01,0.17,3.75,5.86,10,40,50,10,0,15,0,34.39,34.39,9.62,3.75,5.86,10,40,50,10,0,15,0,34.39,34.39,9.62
Sri Lanka,Spain,2017,Import,Fuels,22.82,0.03,1.5,0.64,13,30.77,61.54,7.69,0,15,0,1.95,1.95,20.87,1.5,0.64,13,30.77,61.54,7.69,0,15,0,1.95,1.95,20.87
Sri Lanka,Estonia,2017,Import,Fuels,5.41,0.14,0,0,1,0,100,0,0,0,0,0,0,5.41,0,0,1,0,100,0,0,0,0,0,0,5.41
Sri Lanka,France,2017,Import,Fuels,200.76,0.13,3.75,6.67,15,33.33,53.33,13.33,0,15,0,200.15,200.15,0.62,3.75,6.67,15,33.33,53.33,13.33,0,15,0,200.15,200.15,0.62
Sri Lanka,United Kingdom,2017,Import,Fuels,278.29,0.1,1.25,7.4,22,22.73,68.18,9.09,0,15,0,274.76,274.76,3.53,1.25,7.4,22,22.73,68.18,9.09,0,15,0,274.76,274.76,3.53
Sri Lanka,Greece,2017,Import,Fuels,7.26,0.12,15,15,1,100,0,0,0,15,15,0,7.26,0,15,15,1,100,0,0,0,15,15,0,7.26,0
Sri Lanka,"Hong Kong, China",2017,Import,Fuels,99.22,0.02,1.25,4.98,14,28.57,64.29,7.14,0,15,0,65.94,65.94,33.27,1.25,4.98,14,28.57,64.29,7.14,0,15,0,65.94,65.94,33.27
Sri Lanka,Indonesia,2017,Import,Fuels,8841.92,2.38,1.88,0.02,12,33.33,58.33,8.33,0,15,0,26.19,26.19,8815.73,1.88,0.02,12,33.33,58.33,8.33,0,15,0,26.19,26.19,8815.73
Sri Lanka,India,2017,Import,Fuels,695215.84,15.47,1.96,7.31,35,20,74.29,5.71,0,15,0,691781.83,691884.65,3331.18,1.96,7.31,35,20,74.29,5.71,0,15,0,691781.83,691884.65,3331.18
Sri Lanka,Ireland,2017,Import,Fuels,14.52,0.08,0,0,1,0,100,0,0,0,0,0,0,14.52,0,0,1,0,100,0,0,0,0,0,0,14.52
Sri Lanka,"Iran, Islamic Rep.",2017,Import,Fuels,23.46,0.22,0,0,3,0,100,0,0,0,0,0,0,23.46,0,0,3,0,100,0,0,0,0,0,0,23.46
Sri Lanka,Israel,2017,Import,Fuels,3.99,0.01,15,15,1,100,0,0,0,15,15,0,3.99,0,15,15,1,100,0,0,0,15,15,0,3.99,0
Sri Lanka,Italy,2017,Import,Fuels,84.08,0.03,2.25,1.02,18,27.78,61.11,11.11,0,15,0,11.44,11.44,72.64,2.25,1.02,18,27.78,61.11,11.11,0,15,0,11.44,11.44,72.64
Sri Lanka,Japan,2017,Import,Fuels,3472.47,0.33,3.21,5.54,16,31.25,62.5,6.25,0,15,0,2563.8,2563.81,908.67,3.21,5.54,16,31.25,62.5,6.25,0,15,0,2563.8,2563.81,908.67
Sri Lanka,"Korea, Rep.",2017,Import,Fuels,18470.09,5.48,2.63,7.52,22,27.27,63.64,9.09,0,15,0,18127.44,18349.32,120.77,2.63,7.52,22,27.27,63.64,9.09,0,15,0,18127.44,18349.32,120.77
Sri Lanka,Kuwait,2017,Import,Fuels,152.51,1,3.75,3.75,5,20,60,20,0,15,0,152.51,152.51,0,3.75,3.75,5,20,60,20,0,15,0,152.51,152.51,0
Sri Lanka,Maldives,2017,Import,Fuels,148716.57,90.99,0,0,2,0,100,0,0,0,0,0,0,148716.57,0,0,2,0,100,0,0,0,0,0,0,148716.57
Sri Lanka,Mexico,2017,Import,Fuels,70.4,0.33,7.5,7.5,9,44.44,44.44,11.11,0,15,0,70.4,70.4,0,7.5,7.5,9,44.44,44.44,11.11,0,15,0,70.4,70.4,0
Sri Lanka,Malaysia,2017,Import,Fuels,82842.39,12.92,4.13,5.05,23,30.43,60.87,8.7,0,15,0,68630.64,68634.61,14207.77,4.13,5.05,23,30.43,60.87,8.7,0,15,0,68630.64,68634.61,14207.77
Sri Lanka,Namibia,2017,Import,Fuels,10.26,4.1,0,0,1,0,100,0,0,0,0,0,0,10.26,0,0,1,0,100,0,0,0,0,0,0,10.26
Sri Lanka,Nigeria,2017,Import,Fuels,2544.57,98.1,0,0,4,0,100,0,0,0,0,0,0,2544.57,0,0,4,0,100,0,0,0,0,0,0,2544.57
Sri Lanka,Netherlands,2017,Import,Fuels,212.44,0.27,1.61,3.13,19,26.32,63.16,10.53,0,15,0,100.01,100.01,112.43,1.61,3.13,19,26.32,63.16,10.53,0,15,0,100.01,100.01,112.43
Sri Lanka,New Zealand,2017,Import,Fuels,669.85,0.23,0,0,2,0,100,0,0,0,0,0,0,669.85,0,0,2,0,100,0,0,0,0,0,0,669.85
Sri Lanka,"Other Asia, nes",2017,Import,Fuels,3097.98,0.64,,,,,,,,,,,,,,,,,,,,,,,,
Sri Lanka,Oman,2017,Import,Fuels,48557.52,62.65,3.75,0.68,11,36.36,54.55,9.09,0,15,0,4428.66,4428.66,44128.86,3.75,0.68,11,36.36,54.55,9.09,0,15,0,4428.66,4428.66,44128.86
Sri Lanka,Pakistan,2017,Import,Fuels,13.06,0,0,0,4,0,100,0,0,0,0,0,0,13.06,3.75,0.02,4,25,75,0,0,15,0,0,0.02,13.04
Sri Lanka,Poland,2017,Import,Fuels,475.24,1.06,3.75,3.75,5,20,60,20,0,15,0,475.24,475.24,0,3.75,3.75,5,20,60,20,0,15,0,475.24,475.24,0
Sri Lanka,Qatar,2017,Import,Fuels,2285.16,4.15,3.75,0,11,36.36,54.55,9.09,0,15,0,0.04,0.04,2285.12,3.75,0,11,36.36,54.55,9.09,0,15,0,0.04,0.04,2285.12
Sri Lanka,Romania,2017,Import,Fuels,11.26,0.13,3.75,3.75,5,20,60,20,0,15,0,11.26,11.26,0,3.75,3.75,5,20,60,20,0,15,0,11.26,11.26,0
Sri Lanka,Saudi Arabia,2017,Import,Fuels,27863.22,20,5.63,7.5,14,35.71,50,14.29,0,15,0,27863.22,27863.22,0,5.63,7.5,14,35.71,50,14.29,0,15,0,27863.22,27863.22,0
Sri Lanka,Singapore,2017,Import,Fuels,753925.15,58.35,2.96,5.46,32,25,68.75,6.25,0,15,0,750027.39,750142.55,3782.6,2.96,5.46,32,25,68.75,6.25,0,15,0,750027.39,750142.55,3782.6
Sri Lanka,Sweden,2017,Import,Fuels,0.35,0,7.5,7.5,9,44.44,44.44,11.11,0,15,0,0.35,0.35,0,7.5,7.5,9,44.44,44.44,11.11,0,15,0,0.35,0.35,0
Sri Lanka,Eswatini,2017,Import,Fuels,2.13,0.04,7.5,7.5,9,44.44,44.44,11.11,0,15,0,2.13,2.13,0,7.5,7.5,9,44.44,44.44,11.11,0,15,0,2.13,2.13,0
Sri Lanka,Seychelles,2017,Import,Fuels,8.17,0.17,0,0,1,0,100,0,0,0,0,0,0,8.17,0,0,1,0,100,0,0,0,0,0,0,8.17
Sri Lanka,Thailand,2017,Import,Fuels,9258.09,1.79,5.25,6.35,17,35.29,52.94,11.76,0,15,0,7912.73,7955.86,1302.23,5.25,6.35,17,35.29,52.94,11.76,0,15,0,7912.73,7955.86,1302.23
Sri Lanka,Turkey,2017,Import,Fuels,82.92,0.1,7.5,3.95,11,45.45,45.45,9.09,0,15,0,31.46,37.58,45.34,7.5,3.95,11,45.45,45.45,9.09,0,15,0,31.46,37.58,45.34
Sri Lanka,Ukraine,2017,Import,Fuels,0.44,0,3.75,3.75,5,20,60,20,0,15,0,0.44,0.44,0,3.75,3.75,5,20,60,20,0,15,0,0.44,0.44,0
Sri Lanka,United States,2017,Import,Fuels,749.47,0.09,4.58,5.87,22,31.82,59.09,9.09,0,15,0,502.57,555.8,193.67,4.58,5.87,22,31.82,59.09,9.09,0,15,0,502.57,555.8,193.67
Sri Lanka,Vietnam,2017,Import,Fuels,29.79,0.01,7.5,7.5,9,44.44,44.44,11.11,0,15,0,29.79,29.79,0,7.5,7.5,9,44.44,44.44,11.11,0,15,0,29.79,29.79,0
Sri Lanka, World,2017,Import,Fuels,3215430.51,15.08,3.1,4.15,580,30.34,60.34,9.31,0,15,0,2090401.39,2091005.27,1124425.23,2.41,4.15,57,19.3,75.44,0.52,0,15,0,2090401.39,2091005.29,1124425.22
Sri Lanka,South Africa,2017,Import,Fuels,250156.25,87.99,1.88,0,12,33.33,58.33,8.33,0,15,0,3.6,3.6,250152.65,1.88,0,12,33.33,58.33,8.33,0,15,0,3.6,3.6,250152.65
Sri Lanka,East Asia & Pacific,2017,Import,Fuels,931972.02,9.54,3.22,5.31,173,30.06,61.85,8.09,0,15,0,899756.98,900143.13,31828.88,2.38,5.31,44,20.45,75,1.16,0,15,0,899756.98,900143.13,31828.88
Sri Lanka,Europe & Central Asia,2017,Import,Fuels,18656.38,0.76,3.44,3.85,192,31.25,57.29,11.46,0,15,0,17742.05,17782.87,873.51,3.56,3.85,35,25.71,65.71,1.56,0,15,0,17742.05,17782.87,873.51
Sri Lanka,Latin America & Caribbean,2017,Import,Fuels,91.36,0.04,5,7.2,19,42.11,47.37,10.53,0,15,0,87.68,87.68,3.68,3.75,7.2,10,40,50,5.26,0,15,0,87.68,87.68,3.68
Sri Lanka,Middle East & North Africa,2017,Import,Fuels,1164164.63,58.43,3.35,2.75,84,30.95,59.52,9.52,0,15,0,477667.81,477688.66,686475.97,2.75,2.75,29,24.14,68.97,2.38,0,15,0,477667.81,477688.66,686475.97
Sri Lanka,North America,2017,Import,Fuels,781.3,0.08,4.43,5.75,32,34.38,56.25,9.38,0,15,0,514.93,568.16,213.13,4.58,5.75,22,31.82,59.09,6.25,0,15,0,514.93,568.16,213.13
Sri Lanka,South Asia,2017,Import,Fuels,843945.46,16.71,1.59,6.02,41,17.07,78.05,4.88,0,15,0,691781.83,691884.65,152060.81,2.45,6.02,37,21.62,72.97,4.88,0,15,0,691781.83,691884.67,152060.79
Sri Lanka,Sub-Saharan Africa,2017,Import,Fuels,252721.39,80.09,1.67,0,27,29.63,62.96,7.41,0,15,0,5.73,5.73,252715.66,1.07,0,17,23.53,70.59,3.7,0,15,0,5.73,5.73,252715.66
Sri Lanka,Albania,2019,Import,Fuels,6.4,3.39,0,0,1,0,100,0,0,0,0,0,0,13.15,0,0,1,0,100,0,0,0,0,0,0,13.15
Sri Lanka,United Arab Emirates,2019,Import,Fuels,1185199.3,76.87,1.36,0,13,7.69,92.31,0,0,15,0,0,445205.84,639292.86,1.36,0,13,7.69,92.31,0,0,15,0,0,445205.84,639292.86
Sri Lanka,Austria,2019,Import,Fuels,10.08,0.01,,,,,,,,,,,,,,,,,,,,,,,,
Sri Lanka,Belgium,2019,Import,Fuels,452.26,0.61,0,0,1,0,100,0,0,0,0,0,379.67,442.74,0,0,1,0,100,0,0,0,0,0,379.67,442.74
Sri Lanka,Bangladesh,2019,Import,Fuels,0,0,,,,,,,,,,,,,,,,,,,,,,,,
Sri Lanka,Bahrain,2019,Import,Fuels,36147.21,78.89,0,0,1,0,100,0,0,0,0,0,0,736.05,0,0,1,0,100,0,0,0,0,0,0,736.05
Sri Lanka,Brazil,2019,Import,Fuels,42.94,0.13,,,,,,,,,,0,17.28,0,,,,,,,,,,0,17.28,0
Sri Lanka,Brunei,2019,Import,Fuels,3879.59,98.82,,,,,,,,,,,,,,,,,,,,,,,,
Sri Lanka,Canada,2019,Import,Fuels,10.4,0,0,0,1,0,100,0,0,0,0,0,12.36,19.47,0,0,1,0,100,0,0,0,0,0,12.36,19.47
Sri Lanka,Switzerland,2019,Import,Fuels,17977.33,14.21,0,0,1,0,100,0,0,0,0,0,13.78,0.01,0,0,1,0,100,0,0,0,0,0,13.78,0.01
Sri Lanka,China,2019,Import,Fuels,1846.66,0.05,2.73,0.01,11,18.18,81.82,0,0,15,0,0,52375.05,1988,2.73,0.01,11,18.18,81.82,0,0,15,0,0,52375.05,1988
Sri Lanka,Czech Republic,2019,Import,Fuels,0.35,0,0,0,1,0,100,0,0,0,0,0,0,14.39,0,0,1,0,100,0,0,0,0,0,0,14.39
Sri Lanka,Germany,2019,Import,Fuels,457.77,0.12,3.75,1.99,8,25,75,0,0,15,0,0,335.82,127.74,3.75,1.99,8,25,75,0,0,15,0,0,335.82,127.74
Sri Lanka,Denmark,2019,Import,Fuels,2.72,0.01,7.5,13.1,2,50,50,0,0,15,0,0,9.66,0.13,7.5,13.1,2,50,50,0,0,15,0,0,9.66,0.13
Sri Lanka,"Egypt, Arab Rep.",2019,Import,Fuels,3.15,0.02,0,0,1,0,100,0,0,0,0,0,34.39,9.62,0,0,1,0,100,0,0,0,0,0,34.39,9.62
Sri Lanka,Spain,2019,Import,Fuels,73.2,0.08,0,0,4,0,100,0,0,0,0,0,1.95,20.87,0,0,4,0,100,0,0,0,0,0,1.95,20.87
Sri Lanka,France,2019,Import,Fuels,129.62,0.06,0,0,1,0,100,0,0,0,0,0,200.15,0.62,0,0,1,0,100,0,0,0,0,0,200.15,0.62
Sri Lanka,United Kingdom,2019,Import,Fuels,547.57,0.15,0,0,8,0,100,0,0,0,0,0,274.76,3.53,0,0,8,0,100,0,0,0,0,0,274.76,3.53
Sri Lanka,Georgia,2019,Import,Fuels,1.97,1.07,,,,,,,,,,,,,,,,,,,,,,,,
Sri Lanka,Greece,2019,Import,Fuels,9.19,0.12,15,15,1,100,0,0,0,15,15,0,7.26,0,15,15,1,100,0,0,0,15,15,0,7.26,0
Sri Lanka,"Hong Kong, China",2019,Import,Fuels,183.9,0.06,0,0,5,0,100,0,0,0,0,0,65.94,33.27,0,0,5,0,100,0,0,0,0,0,65.94,33.27
Sri Lanka,Hungary,2019,Import,Fuels,0.13,0,,,,,,,,,,,,,,,,,,,,,,,,
Sri Lanka,Indonesia,2019,Import,Fuels,57958.18,13.54,0,0,3,0,100,0,0,0,0,0,26.19,8815.73,0,0,3,0,100,0,0,0,0,0,26.19,8815.73
Sri Lanka,India,2019,Import,Fuels,447237.61,11.68,0.83,0.44,20,5,95,0,0,15,0,0,691884.65,3331.18,0.83,0.44,20,5,95,0,0,15,0,0,691884.65,3331.18
Sri Lanka,Ireland,2019,Import,Fuels,17.57,0.08,0,0,1,0,100,0,0,0,0,0,0,14.52,0,0,1,0,100,0,0,0,0,0,0,14.52
Sri Lanka,Iraq,2019,Import,Fuels,47315.67,99.38,,,,,,,,,,,,,,,,,,,,,,,,
Sri Lanka,Israel,2019,Import,Fuels,4.85,0.01,,,,,,,,,,0,3.99,0,,,,,,,,,,0,3.99,0
Sri Lanka,Italy,2019,Import,Fuels,102.8,0.03,0,0,4,0,100,0,0,0,0,0,11.44,72.64,0,0,4,0,100,0,0,0,0,0,11.44,72.64
Sri Lanka,Japan,2019,Import,Fuels,4006.85,0.46,0,0,6,0,100,0,0,0,0,0,2563.81,908.67,0,0,6,0,100,0,0,0,0,0,2563.81,908.67
Sri Lanka,"Korea, Rep.",2019,Import,Fuels,14734.63,5.82,1.88,9.71,8,12.5,87.5,0,0,15,0,0,18349.32,120.77,1.88,9.71,8,12.5,87.5,0,0,15,0,0,18349.32,120.77
Sri Lanka,Kuwait,2019,Import,Fuels,10972.97,50.31,,,,,,,,,,0,152.51,0,,,,,,,,,,0,152.51,0
Sri Lanka,Luxembourg,2019,Import,Fuels,1.58,0.09,,,,,,,,,,,,,,,,,,,,,,,,
Sri Lanka,Mexico,2019,Import,Fuels,53.93,0.4,,,,,,,,,,0,70.4,0,,,,,,,,,,0,70.4,0
Sri Lanka,Malaysia,2019,Import,Fuels,476773.17,53.34,2.14,0,8,12.5,87.5,0,0,15,0,0,68634.61,14207.77,2.14,0,8,12.5,87.5,0,0,15,0,0,68634.61,14207.77
Sri Lanka,Nigeria,2019,Import,Fuels,6025.76,85.83,0,0,4,0,100,0,0,0,0,0,0,2544.57,0,0,4,0,100,0,0,0,0,0,0,2544.57
Sri Lanka,Netherlands,2019,Import,Fuels,231.15,0.19,0,0,5,0,100,0,0,0,0,0,100.01,112.43,0,0,5,0,100,0,0,0,0,0,100.01,112.43
Sri Lanka,Norway,2019,Import,Fuels,6.38,0.07,,,,,,,,,,,,,,,,,,,,,,,,
Sri Lanka,New Zealand,2019,Import,Fuels,391.41,0.14,0,0,2,0,100,0,0,0,0,0,0,669.85,0,0,2,0,100,0,0,0,0,0,0,669.85
Sri Lanka,"Other Asia, nes",2019,Import,Fuels,2279.56,0.56,,,,,,,,,,,,,,,,,,,,,,,,
Sri Lanka,Oman,2019,Import,Fuels,166360.46,90.48,0,0,2,0,100,0,0,0,0,0,4428.66,44128.86,0,0,2,0,100,0,0,0,0,0,4428.66,44128.86
Sri Lanka,Pakistan,2019,Import,Fuels,6.25,0,0,0,4,0,100,0,0,0,0,0,0,13.06,3.75,0.02,4,25,75,0,0,15,0,0,0.02,13.04
Sri Lanka,Poland,2019,Import,Fuels,108.8,0.53,,,,,,,,,,0,475.24,0,,,,,,,,,,0,475.24,0
Sri Lanka,Portugal,2019,Import,Fuels,0.4,0.01,,,,,,,,,,,,,,,,,,,,,,,,
Sri Lanka,Qatar,2019,Import,Fuels,10441.01,28.46,0,0,2,0,100,0,0,0,0,0,0.04,2285.12,0,0,2,0,100,0,0,0,0,0,0.04,2285.12
Sri Lanka,Russian Federation,2019,Import,Fuels,11850.19,5.74,,,,,,,,,,,,,,,,,,,,,,,,
Sri Lanka,Saudi Arabia,2019,Import,Fuels,249317.34,70.36,,,,,,,,,,0,27863.22,0,,,,,,,,,,0,27863.22,0
Sri Lanka,Singapore,2019,Import,Fuels,512793.2,66.89,1.88,0.32,17,11.76,88.24,0,0,15,0,0,750142.55,3782.6,1.88,0.32,17,11.76,88.24,0,0,15,0,0,750142.55,3782.6
Sri Lanka,Slovak Republic,2019,Import,Fuels,3.12,0.02,,,,,,,,,,,,,,,,,,,,,,,,
Sri Lanka,Sweden,2019,Import,Fuels,0.04,0,,,,,,,,,,0,0.35,0,,,,,,,,,,0,0.35,0
Sri Lanka,Seychelles,2019,Import,Fuels,46.28,1.53,0,0,1,0,100,0,0,0,0,0,0,8.17,0,0,1,0,100,0,0,0,0,0,0,8.17
Sri Lanka,Thailand,2019,Import,Fuels,12348.25,2.82,0,0,2,0,100,0,0,0,0,0,7955.86,1302.23,0,0,2,0,100,0,0,0,0,0,7955.86,1302.23
Sri Lanka,Turkey,2019,Import,Fuels,173.41,0.16,7.5,1.78,2,50,50,0,0,15,0,0,37.58,45.34,7.5,1.78,2,50,50,0,0,15,0,0,37.58,45.34
Sri Lanka,United States,2019,Import,Fuels,18988.71,3.45,4.29,3.23,8,25,75,0,0,15,0,0,555.8,193.67,4.29,3.23,8,25,75,0,0,15,0,0,555.8,193.67
Sri Lanka,Vietnam,2019,Import,Fuels,3244.83,1.07,,,,,,,,,,0,29.79,0,,,,,,,,,,0,29.79,0
Sri Lanka, World,2019,Import,Fuels,3432827.15,17.63,1.42,0.01,173,8.67,91.33,0,0,15,0,0,2091005.27,1124425.23,2.41,0.01,61,18.03,70.49,4.05,0,15,0,0,2091005.29,1124425.22
Sri Lanka,South Africa,2019,Import,Fuels,132049.02,76.35,0,0,3,0,100,0,0,0,0,0,3.6,250152.65,0,0,3,0,100,0,0,0,0,0,3.6,250152.65
Sri Lanka,East Asia & Pacific,2019,Import,Fuels,1088160.68,12.34,1.53,0.14,62,9.68,90.32,0,0,15,0,0,900143.13,31828.88,1.67,0.14,29,10.34,89.66,0,0,15,0,0,900143.13,31828.88
Sri Lanka,Europe & Central Asia,2019,Import,Fuels,32164.04,1.28,1.92,0.56,41,12.2,87.8,0,0,15,0,0,17782.87,873.51,2.65,0.56,19,15.79,84.21,0,0,15,0,0,17782.87,873.51
Sri Lanka,Latin America & Caribbean,2019,Import,Fuels,96.87,0.12,0,0,1,0,100,0,0,0,0,0,87.68,3.68,0,0,1,0,100,0,0,0,0,0,87.68,3.68
Sri Lanka,Middle East & North Africa,2019,Import,Fuels,1705761.97,72.52,0.83,0,22,4.55,95.45,0,0,15,0,0,477688.66,686475.97,1.25,0,14,7.14,92.86,0,0,15,0,0,477688.66,686475.97
Sri Lanka,North America,2019,Import,Fuels,18999.11,2.45,3.75,3,9,22.22,77.78,0,0,15,0,0,568.16,213.13,4.29,3,8,25,75,0,0,15,0,0,568.16,213.13
Sri Lanka,South Asia,2019,Import,Fuels,447243.86,10.52,0.65,0.01,26,3.85,96.15,0,0,15,0,0,691884.65,152060.81,1.5,0.01,22,9.09,90.91,0,0,15,0,0,691884.67,152060.79
Sri Lanka,Sub-Saharan Africa,2019,Import,Fuels,138121.06,52.42,0,0,9,0,100,0,0,0,0,0,5.73,252715.66,0,0,8,0,100,0,0,0,0,0,5.73,252715.66
Sri Lanka,Albania,2020,Import,Fuels,15.12,7.69,0,0,1,0,100,0,0,0,0,0,0,15.12,0,0,1,0,100,0,0,0,0,0,0,15.12
Sri Lanka,United Arab Emirates,2020,Import,Fuels,596874.7,67.14,2,0,17,11.76,88.24,0,0,15,0,0,150118.53,446756.17,2,0,17,11.76,88.24,0,0,15,0,0,150118.53,446756.17
Sri Lanka,Australia,2020,Import,Fuels,0.05,0,7.5,8.76,2,50,50,0,0,15,0,0,0.03,0.02,7.5,8.76,2,50,50,0,0,15,0,0,0.03,0.02
Sri Lanka,Austria,2020,Import,Fuels,132.35,0.14,,,,,,,,,,0,132.35,0,,,,,,,,,,0,132.35,0
Sri Lanka,Belgium,2020,Import,Fuels,833.35,1.72,0,0,2,0,100,0,0,0,0,0,605.76,227.59,0,0,2,0,100,0,0,0,0,0,605.76,227.59
Sri Lanka,Bahrain,2020,Import,Fuels,27269.9,75.92,0,0,1,0,100,0,0,0,0,0,21574.9,5694.99,0,0,1,0,100,0,0,0,0,0,21574.9,5694.99
Sri Lanka,Brazil,2020,Import,Fuels,28.53,0.1,0,0,1,0,100,0,0,0,0,0,26.6,1.93,0,0,1,0,100,0,0,0,0,0,26.6,1.93
Sri Lanka,Brunei,2020,Import,Fuels,26417.55,99.88,0,0,3,0,100,0,0,0,0,0,0,26417.55,0,0,3,0,100,0,0,0,0,0,0,26417.55
Sri Lanka,Canada,2020,Import,Fuels,9.88,0,0,0,1,0,100,0,0,0,0,0,9.34,0.54,0,0,1,0,100,0,0,0,0,0,9.34,0.54
Sri Lanka,Switzerland,2020,Import,Fuels,59.85,0.05,0,0,1,0,100,0,0,0,0,0,59.82,0.03,0,0,1,0,100,0,0,0,0,0,59.82,0.03
Sri Lanka,Chile,2020,Import,Fuels,7219.84,48.8,0,0,2,0,100,0,0,0,0,0,0,7219.84,0,0,2,0,100,0,0,0,0,0,0,7219.84
Sri Lanka,China,2020,Import,Fuels,16106.99,0.45,1.15,0.01,13,7.69,92.31,0,0,15,0,0,14354.12,1752.87,1.15,0.01,13,7.69,92.31,0,0,15,0,0,14354.12,1752.87
Sri Lanka,Czech Republic,2020,Import,Fuels,3.02,0.03,,,,,,,,,,0,3.02,0,,,,,,,,,,0,3.02,0
Sri Lanka,Germany,2020,Import,Fuels,259.99,0.08,2.14,4.38,7,14.29,85.71,0,0,15,0,0,177.17,82.83,2.14,4.38,7,14.29,85.71,0,0,15,0,0,177.17,82.83
Sri Lanka,Denmark,2020,Import,Fuels,8,0.02,0,0,1,0,100,0,0,0,0,0,7.97,0.03,0,0,1,0,100,0,0,0,0,0,7.97,0.03
Sri Lanka,Algeria,2020,Import,Fuels,4768.69,100,0,0,2,0,100,0,0,0,0,0,0,4768.69,0,0,2,0,100,0,0,0,0,0,0,4768.69
Sri Lanka,Spain,2020,Import,Fuels,47.98,0.06,0,0,3,0,100,0,0,0,0,0,4.31,43.67,0,0,3,0,100,0,0,0,0,0,4.31,43.67
Sri Lanka,Estonia,2020,Import,Fuels,10.35,0.28,0,0,1,0,100,0,0,0,0,0,0,10.35,0,0,1,0,100,0,0,0,0,0,0,10.35
Sri Lanka,France,2020,Import,Fuels,87.08,0.07,0,0,1,0,100,0,0,0,0,0,87.05,0.02,0,0,1,0,100,0,0,0,0,0,87.05,0.02
Sri Lanka,United Kingdom,2020,Import,Fuels,345.38,0.16,0,0,5,0,100,0,0,0,0,0,326.03,19.35,0,0,5,0,100,0,0,0,0,0,326.03,19.35
Sri Lanka,Greece,2020,Import,Fuels,13.1,0.24,15,15,1,100,0,0,0,15,15,0,13.1,0,15,15,1,100,0,0,0,15,15,0,13.1,0
Sri Lanka,"Hong Kong, China",2020,Import,Fuels,291.69,0.13,0,0,2,0,100,0,0,0,0,0,197.72,93.98,0,0,2,0,100,0,0,0,0,0,197.72,93.98
Sri Lanka,Hungary,2020,Import,Fuels,16.38,0.29,,,,,,,,,,0,16.38,0,,,,,,,,,,0,16.38,0
Sri Lanka,Indonesia,2020,Import,Fuels,5856.9,1.77,0,0,4,0,100,0,0,0,0,0,47.01,5809.89,0,0,4,0,100,0,0,0,0,0,47.01,5809.89
Sri Lanka,India,2020,Import,Fuels,220912.8,7.35,1,0.9,16,6.25,93.75,0,0,15,0,0,218937.24,1975.56,1,0.9,16,6.25,93.75,0,0,15,0,0,218937.24,1975.56
Sri Lanka,Ireland,2020,Import,Fuels,12.53,0.07,0,0,1,0,100,0,0,0,0,0,0,12.53,0,0,1,0,100,0,0,0,0,0,0,12.53
Sri Lanka,Iraq,2020,Import,Fuels,11745.41,97.64,0,0,2,0,100,0,0,0,0,0,48.15,11697.26,0,0,2,0,100,0,0,0,0,0,48.15,11697.26
Sri Lanka,Israel,2020,Import,Fuels,10.5,0.02,0,0,1,0,100,0,0,0,0,0,10.4,0.1,0,0,1,0,100,0,0,0,0,0,10.4,0.1
Sri Lanka,Italy,2020,Import,Fuels,122.25,0.05,0,0,5,0,100,0,0,0,0,0,100.05,22.2,0,0,5,0,100,0,0,0,0,0,100.05,22.2
Sri Lanka,Japan,2020,Import,Fuels,4357.33,0.82,0,0,4,0,100,0,0,0,0,0,3828.89,528.44,0,0,4,0,100,0,0,0,0,0,3828.89,528.44
Sri Lanka,"Korea, Rep.",2020,Import,Fuels,10966.22,5.64,1.88,3.08,9,11.11,88.89,0,0,15,0,0,10589.96,376.26,1.88,3.08,9,11.11,88.89,0,0,15,0,0,10589.96,376.26
Sri Lanka,Kuwait,2020,Import,Fuels,53586,81.68,0,0,5,0,100,0,0,0,0,0,15877.45,37708.56,0,0,5,0,100,0,0,0,0,0,15877.45,37708.56
Sri Lanka,Luxembourg,2020,Import,Fuels,0.32,0.05,0,0,1,0,100,0,0,0,0,0,0,0.32,0,0,1,0,100,0,0,0,0,0,0,0.32
Sri Lanka,Latvia,2020,Import,Fuels,74.94,7.45,,,,,,,,,,0,74.94,0,,,,,,,,,,0,74.94,0
Sri Lanka,Mexico,2020,Import,Fuels,58.39,0.47,,,,,,,,,,0,58.39,0,,,,,,,,,,0,58.39,0
Sri Lanka,Mauritius,2020,Import,Fuels,376.91,90,,,,,,,,,,0,376.91,0,,,,,,,,,,0,376.91,0
Sri Lanka,Malaysia,2020,Import,Fuels,221209.52,34.86,5,0.13,6,33.33,66.67,0,0,15,0,0,220865.47,344.05,5,0.13,6,33.33,66.67,0,0,15,0,0,220865.47,344.05
Sri Lanka,Nigeria,2020,Import,Fuels,0.01,0,0,0,1,0,100,0,0,0,0,0,0,0.01,0,0,1,0,100,0,0,0,0,0,0,0.01
Sri Lanka,Netherlands,2020,Import,Fuels,20059.36,19.88,0,0,4,0,100,0,0,0,0,0,19971.37,87.99,0,0,4,0,100,0,0,0,0,0,19971.37,87.99
Sri Lanka,New Zealand,2020,Import,Fuels,46.64,0.02,0,0,1,0,100,0,0,0,0,0,0,46.64,0,0,1,0,100,0,0,0,0,0,0,46.64
Sri Lanka,"Other Asia, nes",2020,Import,Fuels,2154.47,0.67,,,,,,,,,,,,,,,,,,,,,,,,
Sri Lanka,Oman,2020,Import,Fuels,145009.54,82.7,0,0,2,0,100,0,0,0,0,0,31412.01,113597.52,0,0,2,0,100,0,0,0,0,0,31412.01,113597.52
Sri Lanka,Pakistan,2020,Import,Fuels,25.41,0.01,0,0,2,0,100,0,0,0,0,0,0,25.41,0,0,2,0,100,0,0,0,0,0,0,25.41
Sri Lanka,Poland,2020,Import,Fuels,161.45,0.89,0,0,1,0,100,0,0,0,0,0,161.41,0.04,0,0,1,0,100,0,0,0,0,0,161.41,0.04
Sri Lanka,Portugal,2020,Import,Fuels,1235.65,14.31,,,,,,,,,,0,1235.65,0,,,,,,,,,,0,1235.65,0
Sri Lanka,Qatar,2020,Import,Fuels,4266.48,13.49,0,0,2,0,100,0,0,0,0,0,0,4266.48,0,0,2,0,100,0,0,0,0,0,0,4266.48
Sri Lanka,Russian Federation,2020,Import,Fuels,3361.68,1.42,0,0,2,0,100,0,0,0,0,0,0,3361.68,0,0,2,0,100,0,0,0,0,0,0,3361.68
Sri Lanka,Saudi Arabia,2020,Import,Fuels,75583.83,40.23,0,0,4,0,100,0,0,0,0,0,55910.25,19673.58,0,0,4,0,100,0,0,0,0,0,55910.25,19673.58
Sri Lanka,Singapore,2020,Import,Fuels,391136.14,63.36,0,0,11,0,100,0,0,0,0,0,390345.42,790.72,0,0,11,0,100,0,0,0,0,0,390345.42,790.72
Sri Lanka,Slovak Republic,2020,Import,Fuels,4.98,0.3,0,0,1,0,100,0,0,0,0,0,1.67,3.31,0,0,1,0,100,0,0,0,0,0,1.67,3.31
Sri Lanka,Sweden,2020,Import,Fuels,169.27,0.33,0,0,2,0,100,0,0,0,0,0,8.7,160.57,0,0,2,0,100,0,0,0,0,0,8.7,160.57
Sri Lanka,Thailand,2020,Import,Fuels,9481.3,2.58,0,0,6,0,100,0,0,0,0,0,5942.45,3538.85,0,0,6,0,100,0,0,0,0,0,5942.45,3538.85
Sri Lanka,Turkey,2020,Import,Fuels,216.57,0.24,0,0,3,0,100,0,0,0,0,0,56.62,159.96,0,0,3,0,100,0,0,0,0,0,56.62,159.96
Sri Lanka,Ukraine,2020,Import,Fuels,0.03,0,0,0,1,0,100,0,0,0,0,0,0,0.03,0,0,1,0,100,0,0,0,0,0,0,0.03
Sri Lanka,Unspecified,2020,Import,Fuels,29.14,0.17,,,,,,,,,,0,29.14,0,,,,,,,,,,0,29.14,0
Sri Lanka,United States,2020,Import,Fuels,23898.87,4.81,3,0.02,11,18.18,81.82,0,0,15,0,0,606.07,23292.8,3,0.02,11,18.18,81.82,0,0,15,0,0,606.07,23292.8
Sri Lanka,Vietnam,2020,Import,Fuels,11.81,0,,,,,,,,,,0,11.81,0,,,,,,,,,,0,11.81,0
Sri Lanka, World,2020,Import,Fuels,2094865.47,13.42,1.08,0.01,182,6.59,93.41,0,0,15,0,0,1166009.56,928855.9,3.11,0.01,61,18.03,70.49,0,3.85,39.9,0,0,1166009.56,928855.9
Sri Lanka,South Africa,2020,Import,Fuels,207903.04,90.76,0,0,4,0,100,0,0,0,0,0,0,207903.04,0,0,4,0,100,0,0,0,0,0,0,207903.04
Sri Lanka,East Asia & Pacific,2020,Import,Fuels,685882.14,9.46,1.29,0.04,61,8.2,91.8,0,0,15,0,0,646182.86,39699.28,1.36,0.04,24,8.33,91.67,0,0,15,0,0,646182.86,39699.28
Sri Lanka,Europe & Central Asia,2020,Import,Fuels,27250.98,1.31,0.71,0.16,44,4.55,95.45,0,0,15,0,0,23043.37,4207.61,0.83,0.16,20,5,95,0,0,15,0,0,23043.37,4207.61
Sri Lanka,Latin America & Caribbean,2020,Import,Fuels,7306.76,9.41,0,0,3,0,100,0,0,0,0,0,84.99,7221.77,0,0,3,0,100,0,0,0,0,0,84.99,7221.77
Sri Lanka,Middle East & North Africa,2020,Import,Fuels,919115.04,60.96,1.07,0,36,5.56,94.44,0,0,15,0,0,274951.69,644163.35,2,0,17,11.76,88.24,0,0,15,0,0,274951.69,644163.35
Sri Lanka,North America,2020,Import,Fuels,23908.75,3.39,2.73,0.02,12,16.67,83.33,0,0,15,0,0,615.41,23293.34,2.73,0.02,12,16.67,83.33,0,0,15,0,0,615.41,23293.34
Sri Lanka,South Asia,2020,Import,Fuels,220938.21,6.52,0.88,0.89,18,5.56,94.44,0,0,15,0,0,218937.24,2000.97,1,0.89,16,6.25,93.75,0,0,15,0,0,218937.24,2000.97
Sri Lanka,Sub-Saharan Africa,2020,Import,Fuels,208279.97,78.68,0,0,5,0,100,0,0,0,0,0,376.91,207903.05,0,0,4,0,100,0,0,0,0,0,376.91,207903.05
Sri Lanka,Albania,2021,Import,Fuels,22.57,5.09,0,0,1,0,100,0,0,0,0,0,0,22.57,0,0,1,0,100,0,0,0,0,0,0,22.57
Sri Lanka,United Arab Emirates,2021,Import,Fuels,1075275.05,76.31,2.31,0,15,13.33,86.67,0,0,15,0,0,459872.98,615402.07,2.31,0,15,13.33,86.67,0,0,15,0,0,459872.98,615402.07
Sri Lanka,Australia,2021,Import,Fuels,9264.12,2.88,0,0,2,0,100,0,0,0,0,0,0.02,9264.1,0,0,2,0,100,0,0,0,0,0,0.02,9264.1
Sri Lanka,Austria,2021,Import,Fuels,0.08,0,7.5,2.18,2,50,50,0,0,15,0,0,0.01,0.07,7.5,2.18,2,50,50,0,0,15,0,0,0.01,0.07
Sri Lanka,Belgium,2021,Import,Fuels,3595.54,2.8,0,0,4,0,100,0,0,0,0,0,2796.1,799.44,0,0,4,0,100,0,0,0,0,0,2796.1,799.44
Sri Lanka,Bangladesh,2021,Import,Fuels,0.03,0,0,0,1,0,100,0,0,0,0,0,0.01,0.02,0,0,1,0,100,0,0,0,0,0,0.01,0.02
Sri Lanka,Bulgaria,2021,Import,Fuels,12.46,0.12,,,,,,,,,,0,12.46,0,,,,,,,,,,0,12.46,0
Sri Lanka,Bahrain,2021,Import,Fuels,12670.72,34.51,0,0,2,0,100,0,0,0,0,0,0,12670.72,0,0,2,0,100,0,0,0,0,0,0,12670.72
Sri Lanka,Brazil,2021,Import,Fuels,33.71,0.08,,,,,,,,,,0,33.71,0,,,,,,,,,,0,33.71,0
Sri Lanka,Brunei,2021,Import,Fuels,17210.52,99.85,0,0,2,0,100,0,0,0,0,0,0,17210.52,0,0,2,0,100,0,0,0,0,0,0,17210.52
Sri Lanka,Canada,2021,Import,Fuels,18.18,0.01,7.5,12.86,2,50,50,0,0,15,0,0,15.59,2.59,7.5,12.86,2,50,50,0,0,15,0,0,15.59,2.59
Sri Lanka,Switzerland,2021,Import,Fuels,13.61,0.01,,,,,,,,,,0,13.61,0,,,,,,,,,,0,13.61,0
Sri Lanka,Chile,2021,Import,Fuels,7083.86,60.82,0,0,2,0,100,0,0,0,0,0,0,7083.86,0,0,2,0,100,0,0,0,0,0,0,7083.86
Sri Lanka,China,2021,Import,Fuels,2729.69,0.05,1.15,0,13,7.69,92.31,0,0,15,0,0,472.88,2256.81,1.15,0,13,7.69,92.31,0,0,15,0,0,472.88,2256.81
Sri Lanka,Germany,2021,Import,Fuels,399.98,0.11,1.5,2.12,11,9.09,90.91,0,0,15,0,0,226.23,173.76,1.5,2.12,11,9.09,90.91,0,0,15,0,0,226.23,173.76
Sri Lanka,Denmark,2021,Import,Fuels,5.03,0.01,0,0,1,0,100,0,0,0,0,0,3.69,1.35,0,0,1,0,100,0,0,0,0,0,3.69,1.35
Sri Lanka,Algeria,2021,Import,Fuels,20332.81,98.84,0,0,3,0,100,0,0,0,0,0,0,20332.81,0,0,3,0,100,0,0,0,0,0,0,20332.81
Sri Lanka,"Egypt, Arab Rep.",2021,Import,Fuels,9588.13,33.59,,,,,,,,,,0,9588.13,0,,,,,,,,,,0,9588.13,0
Sri Lanka,Spain,2021,Import,Fuels,159.68,0.12,0,0,3,0,100,0,0,0,0,0,38.83,120.85,0,0,3,0,100,0,0,0,0,0,38.83,120.85
Sri Lanka,Estonia,2021,Import,Fuels,19.34,0.94,0,0,1,0,100,0,0,0,0,0,0,19.34,0,0,1,0,100,0,0,0,0,0,0,19.34
Sri Lanka,Finland,2021,Import,Fuels,0.02,0,0,0,1,0,100,0,0,0,0,0,0,0.02,0,0,1,0,100,0,0,0,0,0,0,0.02
Sri Lanka,France,2021,Import,Fuels,140.05,0.1,15,15,1,100,0,0,0,15,15,0,140.05,0,15,15,1,100,0,0,0,15,15,0,140.05,0
Sri Lanka,United Kingdom,2021,Import,Fuels,431.44,0.17,3,0.29,5,20,80,0,0,15,0,0,368.8,62.63,3,0.29,5,20,80,0,0,15,0,0,368.8,62.63
Sri Lanka,"Hong Kong, China",2021,Import,Fuels,770.65,0.25,0,0,1,0,100,0,0,0,0,0,733.7,36.96,0,0,1,0,100,0,0,0,0,0,733.7,36.96
Sri Lanka,Hungary,2021,Import,Fuels,26.87,0.53,,,,,,,,,,0,26.87,0,,,,,,,,,,0,26.87,0
Sri Lanka,Indonesia,2021,Import,Fuels,33694.58,6.97,0,0,3,0,100,0,0,0,0,0,19427.78,14266.8,0,0,3,0,100,0,0,0,0,0,19427.78,14266.8
Sri Lanka,India,2021,Import,Fuels,605308.04,12.77,1.67,1.08,20,10,90,0,0,15,0,0,601887.02,3421.02,1.67,1.08,20,10,90,0,0,15,0,0,601887.02,3421.02
Sri Lanka,Ireland,2021,Import,Fuels,19.03,0.09,0,0,1,0,100,0,0,0,0,0,0,19.03,0,0,1,0,100,0,0,0,0,0,0,19.03
Sri Lanka,Iraq,2021,Import,Fuels,55736.18,99.69,0,0,3,0,100,0,0,0,0,0,0,55736.18,0,0,3,0,100,0,0,0,0,0,0,55736.18
Sri Lanka,Israel,2021,Import,Fuels,9.08,0.01,,,,,,,,,,0,9.08,0,,,,,,,,,,0,9.08,0
Sri Lanka,Italy,2021,Import,Fuels,234.77,0.07,0,0,1,0,100,0,0,0,0,0,233.67,1.1,0,0,1,0,100,0,0,0,0,0,233.67,1.1
Sri Lanka,Japan,2021,Import,Fuels,3341.26,0.75,0,0,3,0,100,0,0,0,0,0,2682.98,658.28,0,0,3,0,100,0,0,0,0,0,2682.98,658.28
Sri Lanka,Kenya,2021,Import,Fuels,0,0,0,0,1,0,100,0,0,0,0,0,0,0,0,0,1,0,100,0,0,0,0,0,0,0
Sri Lanka,"Korea, Rep.",2021,Import,Fuels,25983.7,8.04,2.14,0.32,7,14.29,85.71,0,0,15,0,0,25758.37,225.33,2.14,0.32,7,14.29,85.71,0,0,15,0,0,25758.37,225.33
Sri Lanka,Kuwait,2021,Import,Fuels,10285.3,36.95,0,0,2,0,100,0,0,0,0,0,30.41,10254.89,0,0,2,0,100,0,0,0,0,0,30.41,10254.89
Sri Lanka,Luxembourg,2021,Import,Fuels,1.92,0.11,,,,,,,,,,0,1.92,0,,,,,,,,,,0,1.92,0
Sri Lanka,Latvia,2021,Import,Fuels,11.32,0.57,0,0,1,0,100,0,0,0,0,0,0,11.32,0,0,1,0,100,0,0,0,0,0,0,11.32
Sri Lanka,Mexico,2021,Import,Fuels,36.95,0.29,,,,,,,,,,0,36.95,0,,,,,,,,,,0,36.95,0
Sri Lanka,Malaysia,2021,Import,Fuels,271078.18,32.85,2.14,0.02,8,12.5,87.5,0,0,15,0,0,267511.74,3566.44,2.14,0.02,8,12.5,87.5,0,0,15,0,0,267511.74,3566.44
Sri Lanka,Netherlands,2021,Import,Fuels,25953.36,21.74,0,0,2,0,100,0,0,0,0,0,25881.62,71.74,0,0,2,0,100,0,0,0,0,0,25881.62,71.74
Sri Lanka,New Zealand,2021,Import,Fuels,0.02,0,0,0,1,0,100,0,0,0,0,0,0,0.02,0,0,1,0,100,0,0,0,0,0,0,0.02
Sri Lanka,"Other Asia, nes",2021,Import,Fuels,1364.82,0.28,,,,,,,,,,,,,,,,,,,,,,,,
Sri Lanka,Oman,2021,Import,Fuels,50667.71,40.45,0,0,3,0,100,0,0,0,0,0,13823.62,36844.09,0,0,3,0,100,0,0,0,0,0,13823.62,36844.09
Sri Lanka,Pakistan,2021,Import,Fuels,11.46,0,0,0,2,0,100,0,0,0,0,0,0,11.46,0,0,2,0,100,0,0,0,0,0,0,11.46
Sri Lanka,Poland,2021,Import,Fuels,208.49,0.73,0,0,1,0,100,0,0,0,0,0,208.35,0.14,0,0,1,0,100,0,0,0,0,0,208.35,0.14
Sri Lanka,Portugal,2021,Import,Fuels,4.17,0.02,15,15,1,100,0,0,0,15,15,0,4.17,0,15,15,1,100,0,0,0,15,15,0,4.17,0
Sri Lanka,Qatar,2021,Import,Fuels,64388.53,50.17,0,0,3,0,100,0,0,0,0,0,0,64388.53,0,0,3,0,100,0,0,0,0,0,0,64388.53
Sri Lanka,Russian Federation,2021,Import,Fuels,35144.68,20.14,0,0,3,0,100,0,0,0,0,0,0,35144.68,0,0,3,0,100,0,0,0,0,0,0,35144.68
Sri Lanka,Saudi Arabia,2021,Import,Fuels,245290.96,64.75,0,0,5,0,100,0,0,0,0,0,183008.72,62282.24,0,0,5,0,100,0,0,0,0,0,183008.72,62282.24
Sri Lanka,Singapore,2021,Import,Fuels,504183.82,64.98,0,0,9,0,100,0,0,0,0,0,501987.08,2196.74,0,0,9,0,100,0,0,0,0,0,501987.08,2196.74
Sri Lanka,Sudan,2021,Import,Fuels,0.95,0.01,,,,,,,,,,0,0.95,0,,,,,,,,,,0,0.95,0
Sri Lanka,Sweden,2021,Import,Fuels,28.47,0.05,0,0,2,0,100,0,0,0,0,0,28.36,0.11,0,0,2,0,100,0,0,0,0,0,28.36,0.11
Sri Lanka,Thailand,2021,Import,Fuels,15251.67,3.58,0,0,5,0,100,0,0,0,0,0,14173.99,1077.68,0,0,5,0,100,0,0,0,0,0,14173.99,1077.68
Sri Lanka,Turkey,2021,Import,Fuels,250.22,0.18,0,0,2,0,100,0,0,0,0,0,70.17,180.05,0,0,2,0,100,0,0,0,0,0,70.17,180.05
Sri Lanka,Ukraine,2021,Import,Fuels,0.11,0,,,,,,,,,,0,0.11,0,,,,,,,,,,0,0.11,0
Sri Lanka,Unspecified,2021,Import,Fuels,5076.1,14.62,0,0,3,0,100,0,0,0,0,0,0,5076.1,0,0,3,0,100,0,0,0,0,0,0,5076.1
Sri Lanka,United States,2021,Import,Fuels,37872.95,6.68,1.15,0.01,15,6.67,93.33,0,0,15,0,0,458.15,37414.8,1.15,0.01,15,6.67,93.33,0,0,15,0,0,458.15,37414.8
Sri Lanka,Vietnam,2021,Import,Fuels,34.42,0.01,,,,,,,,,,0,34.42,0,,,,,,,,,,0,34.42,0
Sri Lanka, World,2021,Import,Fuels,3400857.68,15.82,1.25,0,188,7.45,92.55,0,0,15,0,0,2132155.82,1268701.86,3.44,0,61,14.75,70.49,0,4.79,64.18,0,0,2132155.82,1268701.86
Sri Lanka,South Africa,2021,Import,Fuels,249580.32,92.73,0,0,4,0,100,0,0,0,0,0,0,249580.32,0,0,4,0,100,0,0,0,0,0,0,249580.32
Sri Lanka,East Asia & Pacific,2021,Import,Fuels,883542.64,8.97,0.9,0,54,5.56,94.44,0,0,15,0,0,832782.96,50759.68,1.88,0,26,11.54,88.46,0,0,15,0,0,832782.96,50759.68
Sri Lanka,Europe & Central Asia,2021,Import,Fuels,66683.21,2.72,1.83,0.01,44,11.36,88.64,0,0,15,0,0,30055.01,36628.2,2.5,0.01,20,15,85,0,0,15,0,0,30055.01,36628.2
Sri Lanka,Latin America & Caribbean,2021,Import,Fuels,7154.52,9.11,0,0,2,0,100,0,0,0,0,0,70.66,7083.86,0,0,2,0,100,0,0,0,0,0,70.66,7083.86
Sri Lanka,Middle East & North Africa,2021,Import,Fuels,1544244.46,66.05,1.07,0,36,5.56,94.44,0,0,15,0,0,666332.94,877911.51,2,0,17,11.76,88.24,0,0,15,0,0,666332.94,877911.51
Sri Lanka,North America,2021,Import,Fuels,37891.13,5.46,2,0.02,17,11.76,88.24,0,0,15,0,0,473.74,37417.39,1.07,0.02,16,6.25,93.75,0,0,15,0,0,473.74,37417.39
Sri Lanka,South Asia,2021,Import,Fuels,605319.53,11.51,1.43,1.07,23,8.7,91.3,0,0,15,0,0,601887.03,3432.5,1.67,1.07,20,10,90,0,0,15,0,0,601887.03,3432.5
Sri Lanka,Sub-Saharan Africa,2021,Import,Fuels,249580.32,82.05,0,0,5,0,100,0,0,0,0,0,0,249580.32,0,0,5,0,100,0,0,0,0,0,0,249580.32
Sri Lanka,Albania,2022,Import,Fuels,41.21,7.36,,,,,,,,,,,,,,,,,,,,,,,,
Sri Lanka,United Arab Emirates,2022,Import,Fuels,667875.55,69.51,,,,,,,,,,,,,,,,,,,,,,,,
Sri Lanka,Australia,2022,Import,Fuels,2104.64,1.09,,,,,,,,,,,,,,,,,,,,,,,,
Sri Lanka,Austria,2022,Import,Fuels,5.42,0.01,,,,,,,,,,,,,,,,,,,,,,,,
Sri Lanka,Belgium,2022,Import,Fuels,773.82,1.29,,,,,,,,,,,,,,,,,,,,,,,,
Sri Lanka,Bulgaria,2022,Import,Fuels,34.36,0.4,,,,,,,,,,,,,,,,,,,,,,,,
Sri Lanka,Bahrain,2022,Import,Fuels,2260.46,19.28,,,,,,,,,,,,,,,,,,,,,,,,
Sri Lanka,Brazil,2022,Import,Fuels,8773.8,19.7,,,,,,,,,,,,,,,,,,,,,,,,
Sri Lanka,Brunei,2022,Import,Fuels,1576.97,98.41,,,,,,,,,,,,,,,,,,,,,,,,
Sri Lanka,Canada,2022,Import,Fuels,1.28,0,,,,,,,,,,,,,,,,,,,,,,,,
Sri Lanka,Switzerland,2022,Import,Fuels,9.2,0.01,,,,,,,,,,,,,,,,,,,,,,,,
Sri Lanka,China,2022,Import,Fuels,78516.7,2.23,,,,,,,,,,,,,,,,,,,,,,,,
Sri Lanka,Colombia,2022,Import,Fuels,0,0,,,,,,,,,,,,,,,,,,,,,,,,
Sri Lanka,Germany,2022,Import,Fuels,1497.61,0.5,,,,,,,,,,,,,,,,,,,,,,,,
Sri Lanka,Denmark,2022,Import,Fuels,3.84,0.01,,,,,,,,,,,,,,,,,,,,,,,,
Sri Lanka,Algeria,2022,Import,Fuels,24287.38,99.83,,,,,,,,,,,,,,,,,,,,,,,,
Sri Lanka,Spain,2022,Import,Fuels,42.17,0.04,,,,,,,,,,,,,,,,,,,,,,,,
Sri Lanka,Estonia,2022,Import,Fuels,19.3,1.2,,,,,,,,,,,,,,,,,,,,,,,,
Sri Lanka,France,2022,Import,Fuels,90.48,0.08,,,,,,,,,,,,,,,,,,,,,,,,
Sri Lanka,United Kingdom,2022,Import,Fuels,615.7,0.3,,,,,,,,,,,,,,,,,,,,,,,,
Sri Lanka,"Hong Kong, China",2022,Import,Fuels,962.84,0.37,,,,,,,,,,,,,,,,,,,,,,,,
Sri Lanka,Hungary,2022,Import,Fuels,0.05,0,,,,,,,,,,,,,,,,,,,,,,,,
Sri Lanka,Indonesia,2022,Import,Fuels,17588.68,5.24,,,,,,,,,,,,,,,,,,,,,,,,
Sri Lanka,India,2022,Import,Fuels,1186061.73,25.63,,,,,,,,,,,,,,,,,,,,,,,,
Sri Lanka,Ireland,2022,Import,Fuels,24.02,0.18,,,,,,,,,,,,,,,,,,,,,,,,
Sri Lanka,Iraq,2022,Import,Fuels,25992.07,98.85,,,,,,,,,,,,,,,,,,,,,,,,
Sri Lanka,Iceland,2022,Import,Fuels,247.19,71.49,,,,,,,,,,,,,,,,,,,,,,,,
Sri Lanka,Israel,2022,Import,Fuels,7.13,0.01,,,,,,,,,,,,,,,,,,,,,,,,
Sri Lanka,Italy,2022,Import,Fuels,236.7,0.08,,,,,,,,,,,,,,,,,,,,,,,,
Sri Lanka,Jordan,2022,Import,Fuels,0,0,,,,,,,,,,,,,,,,,,,,,,,,
Sri Lanka,Japan,2022,Import,Fuels,1974.37,0.74,,,,,,,,,,,,,,,,,,,,,,,,
Sri Lanka,Kazakhstan,2022,Import,Fuels,18312.14,75.78,,,,,,,,,,,,,,,,,,,,,,,,
Sri Lanka,"Korea, Rep.",2022,Import,Fuels,17636.24,7.42,,,,,,,,,,,,,,,,,,,,,,,,
Sri Lanka,Kuwait,2022,Import,Fuels,433.73,2.76,,,,,,,,,,,,,,,,,,,,,,,,
Sri Lanka,Lithuania,2022,Import,Fuels,0.14,0,,,,,,,,,,,,,,,,,,,,,,,,
Sri Lanka,Mexico,2022,Import,Fuels,26.99,0.34,,,,,,,,,,,,,,,,,,,,,,,,
Sri Lanka,Mongolia,2022,Import,Fuels,5.91,89.35,,,,,,,,,,,,,,,,,,,,,,,,
Sri Lanka,Malaysia,2022,Import,Fuels,519188.63,57.12,,,,,,,,,,,,,,,,,,,,,,,,
Sri Lanka,Netherlands,2022,Import,Fuels,3106.15,3.61,,,,,,,,,,,,,,,,,,,,,,,,
Sri Lanka,"Other Asia, nes",2022,Import,Fuels,885.11,0.22,,,,,,,,,,,,,,,,,,,,,,,,
Sri Lanka,Oman,2022,Import,Fuels,137879.14,62.42,,,,,,,,,,,,,,,,,,,,,,,,
Sri Lanka,Pakistan,2022,Import,Fuels,0.01,0,,,,,,,,,,,,,,,,,,,,,,,,
Sri Lanka,Poland,2022,Import,Fuels,91.32,0.35,,,,,,,,,,,,,,,,,,,,,,,,
Sri Lanka,Portugal,2022,Import,Fuels,0.27,0,,,,,,,,,,,,,,,,,,,,,,,,
Sri Lanka,Qatar,2022,Import,Fuels,2601,9.28,,,,,,,,,,,,,,,,,,,,,,,,
Sri Lanka,Romania,2022,Import,Fuels,60.78,0.11,,,,,,,,,,,,,,,,,,,,,,,,
Sri Lanka,Russian Federation,2022,Import,Fuels,348295.48,92.3,,,,,,,,,,,,,,,,,,,,,,,,
Sri Lanka,Saudi Arabia,2022,Import,Fuels,138586.08,57.59,,,,,,,,,,,,,,,,,,,,,,,,
Sri Lanka,Singapore,2022,Import,Fuels,524778.08,70.62,,,,,,,,,,,,,,,,,,,,,,,,
Sri Lanka,Slovenia,2022,Import,Fuels,2483.54,26.75,,,,,,,,,,,,,,,,,,,,,,,,
Sri Lanka,Sweden,2022,Import,Fuels,168.94,0.35,,,,,,,,,,,,,,,,,,,,,,,,
Sri Lanka,Togo,2022,Import,Fuels,469.66,97.79,,,,,,,,,,,,,,,,,,,,,,,,
Sri Lanka,Thailand,2022,Import,Fuels,15429.19,5.01,,,,,,,,,,,,,,,,,,,,,,,,
Sri Lanka,Turkey,2022,Import,Fuels,215.02,0.12,,,,,,,,,,,,,,,,,,,,,,,,
Sri Lanka,Unspecified,2022,Import,Fuels,79.52,0.28,,,,,,,,,,,,,,,,,,,,,,,,
Sri Lanka,United States,2022,Import,Fuels,14367.75,3.47,,,,,,,,,,,,,,,,,,,,,,,,
Sri Lanka,Vietnam,2022,Import,Fuels,89.92,0.04,,,,,,,,,,,,,,,,,,,,,,,,
Sri Lanka,South Africa,2022,Import,Fuels,219531.98,93.3,,,,,,,,,,,,,,,,,,,,,,,,
