,Refined Products: Demand: Local Sales: Gasoline: 90 Octane: Annual
Region,Sri Lanka
Subnational,
Frequency,Weekly beginning at Monday
Unit,Metric Ton th
Source,Central Bank of Sri Lanka
Status,Active
Series ID,107583801 (LBKFAA)
SR Code,SR1070231
Trade Code,
Mnemonic,
Function Description,DISAGGREGATE(Weekly; Sunday; Distribute)
First Obs. Date,01/07/1991
Last Obs. Date,12/26/2022
Last Update Time,27/04/2023
Series remarks,
Suggestions,
Mean,10.881321150389436
Variance,50.47557278940363
Standard Deviation,7.104616301349681
Skewness,0.5763967317563247
Kurtosis,-1.0700178900463058
Coefficient Variation,0.6529185383978315
Min,3.072403846153846
Max,24.403846153846153
Median,9.18867924528302
Sum,
Subtract,
No. of Obs,1669
01/07/1991,3.07240384615385
01/14/1991,3.07240384615385
01/21/1991,3.07240384615385
01/28/1991,3.07240384615385
02/04/1991,3.07240384615385
02/11/1991,3.07240384615385
02/18/1991,3.07240384615385
02/25/1991,3.07240384615385
03/04/1991,3.07240384615385
03/11/1991,3.07240384615385
03/18/1991,3.07240384615385
03/25/1991,3.07240384615385
04/01/1991,3.07240384615385
04/08/1991,3.07240384615385
04/15/1991,3.07240384615385
04/22/1991,3.07240384615385
04/29/1991,3.07240384615385
05/06/1991,3.07240384615385
05/13/1991,3.07240384615385
05/20/1991,3.07240384615385
05/27/1991,3.07240384615385
06/03/1991,3.07240384615385
06/10/1991,3.07240384615385
06/17/1991,3.07240384615385
06/24/1991,3.07240384615385
07/01/1991,3.07240384615385
07/08/1991,3.07240384615385
07/15/1991,3.07240384615385
07/22/1991,3.07240384615385
07/29/1991,3.07240384615385
08/05/1991,3.07240384615385
08/12/1991,3.07240384615385
08/19/1991,3.07240384615385
08/26/1991,3.07240384615385
09/02/1991,3.07240384615385
09/09/1991,3.07240384615385
09/16/1991,3.07240384615385
09/23/1991,3.07240384615385
09/30/1991,3.07240384615385
10/07/1991,3.07240384615385
10/14/1991,3.07240384615385
10/21/1991,3.07240384615385
10/28/1991,3.07240384615385
11/04/1991,3.07240384615385
11/11/1991,3.07240384615385
11/18/1991,3.07240384615385
11/25/1991,3.07240384615385
12/02/1991,3.07240384615385
12/09/1991,3.07240384615385
12/16/1991,3.07240384615385
12/23/1991,3.07240384615385
12/30/1991,3.07240384615385
01/06/1992,3.17067307692308
01/13/1992,3.17067307692308
01/20/1992,3.17067307692308
01/27/1992,3.17067307692308
02/03/1992,3.17067307692308
02/10/1992,3.17067307692308
02/17/1992,3.17067307692308
02/24/1992,3.17067307692308
03/02/1992,3.17067307692308
03/09/1992,3.17067307692308
03/16/1992,3.17067307692308
03/23/1992,3.17067307692308
03/30/1992,3.17067307692308
04/06/1992,3.17067307692308
04/13/1992,3.17067307692308
04/20/1992,3.17067307692308
04/27/1992,3.17067307692308
05/04/1992,3.17067307692308
05/11/1992,3.17067307692308
05/18/1992,3.17067307692308
05/25/1992,3.17067307692308
06/01/1992,3.17067307692308
06/08/1992,3.17067307692308
06/15/1992,3.17067307692308
06/22/1992,3.17067307692308
06/29/1992,3.17067307692308
07/06/1992,3.17067307692308
07/13/1992,3.17067307692308
07/20/1992,3.17067307692308
07/27/1992,3.17067307692308
08/03/1992,3.17067307692308
08/10/1992,3.17067307692308
08/17/1992,3.17067307692308
08/24/1992,3.17067307692308
08/31/1992,3.17067307692308
09/07/1992,3.17067307692308
09/14/1992,3.17067307692308
09/21/1992,3.17067307692308
09/28/1992,3.17067307692308
10/05/1992,3.17067307692308
10/12/1992,3.17067307692308
10/19/1992,3.17067307692308
10/26/1992,3.17067307692308
11/02/1992,3.17067307692308
11/09/1992,3.17067307692308
11/16/1992,3.17067307692308
11/23/1992,3.17067307692308
11/30/1992,3.17067307692308
12/07/1992,3.17067307692308
12/14/1992,3.17067307692308
12/21/1992,3.17067307692308
12/28/1992,3.17067307692308
01/04/1993,3.32330769230769
01/11/1993,3.32330769230769
01/18/1993,3.32330769230769
01/25/1993,3.32330769230769
02/01/1993,3.32330769230769
02/08/1993,3.32330769230769
02/15/1993,3.32330769230769
02/22/1993,3.32330769230769
03/01/1993,3.32330769230769
03/08/1993,3.32330769230769
03/15/1993,3.32330769230769
03/22/1993,3.32330769230769
03/29/1993,3.32330769230769
04/05/1993,3.32330769230769
04/12/1993,3.32330769230769
04/19/1993,3.32330769230769
04/26/1993,3.32330769230769
05/03/1993,3.32330769230769
05/10/1993,3.32330769230769
05/17/1993,3.32330769230769
05/24/1993,3.32330769230769
05/31/1993,3.32330769230769
06/07/1993,3.32330769230769
06/14/1993,3.32330769230769
06/21/1993,3.32330769230769
06/28/1993,3.32330769230769
07/05/1993,3.32330769230769
07/12/1993,3.32330769230769
07/19/1993,3.32330769230769
07/26/1993,3.32330769230769
08/02/1993,3.32330769230769
08/09/1993,3.32330769230769
08/16/1993,3.32330769230769
08/23/1993,3.32330769230769
08/30/1993,3.32330769230769
09/06/1993,3.32330769230769
09/13/1993,3.32330769230769
09/20/1993,3.32330769230769
09/27/1993,3.32330769230769
10/04/1993,3.32330769230769
10/11/1993,3.32330769230769
10/18/1993,3.32330769230769
10/25/1993,3.32330769230769
11/01/1993,3.32330769230769
11/08/1993,3.32330769230769
11/15/1993,3.32330769230769
11/22/1993,3.32330769230769
11/29/1993,3.32330769230769
12/06/1993,3.32330769230769
12/13/1993,3.32330769230769
12/20/1993,3.32330769230769
12/27/1993,3.32330769230769
01/03/1994,3.53230769230769
01/10/1994,3.53230769230769
01/17/1994,3.53230769230769
01/24/1994,3.53230769230769
01/31/1994,3.53230769230769
02/07/1994,3.53230769230769
02/14/1994,3.53230769230769
02/21/1994,3.53230769230769
02/28/1994,3.53230769230769
03/07/1994,3.53230769230769
03/14/1994,3.53230769230769
03/21/1994,3.53230769230769
03/28/1994,3.53230769230769
04/04/1994,3.53230769230769
04/11/1994,3.53230769230769
04/18/1994,3.53230769230769
04/25/1994,3.53230769230769
05/02/1994,3.53230769230769
05/09/1994,3.53230769230769
05/16/1994,3.53230769230769
05/23/1994,3.53230769230769
05/30/1994,3.53230769230769
06/06/1994,3.53230769230769
06/13/1994,3.53230769230769
06/20/1994,3.53230769230769
06/27/1994,3.53230769230769
07/04/1994,3.53230769230769
07/11/1994,3.53230769230769
07/18/1994,3.53230769230769
07/25/1994,3.53230769230769
08/01/1994,3.53230769230769
08/08/1994,3.53230769230769
08/15/1994,3.53230769230769
08/22/1994,3.53230769230769
08/29/1994,3.53230769230769
09/05/1994,3.53230769230769
09/12/1994,3.53230769230769
09/19/1994,3.53230769230769
09/26/1994,3.53230769230769
10/03/1994,3.53230769230769
10/10/1994,3.53230769230769
10/17/1994,3.53230769230769
10/24/1994,3.53230769230769
10/31/1994,3.53230769230769
11/07/1994,3.53230769230769
11/14/1994,3.53230769230769
11/21/1994,3.53230769230769
11/28/1994,3.53230769230769
12/05/1994,3.53230769230769
12/12/1994,3.53230769230769
12/19/1994,3.53230769230769
12/26/1994,3.53230769230769
01/02/1995,3.64986538461538
01/09/1995,3.64986538461538
01/16/1995,3.64986538461538
01/23/1995,3.64986538461538
01/30/1995,3.64986538461538
02/06/1995,3.64986538461538
02/13/1995,3.64986538461538
02/20/1995,3.64986538461538
02/27/1995,3.64986538461538
03/06/1995,3.64986538461538
03/13/1995,3.64986538461538
03/20/1995,3.64986538461538
03/27/1995,3.64986538461538
04/03/1995,3.64986538461538
04/10/1995,3.64986538461538
04/17/1995,3.64986538461538
04/24/1995,3.64986538461538
05/01/1995,3.64986538461538
05/08/1995,3.64986538461538
05/15/1995,3.64986538461538
05/22/1995,3.64986538461538
05/29/1995,3.64986538461538
06/05/1995,3.64986538461538
06/12/1995,3.64986538461538
06/19/1995,3.64986538461538
06/26/1995,3.64986538461538
07/03/1995,3.64986538461538
07/10/1995,3.64986538461538
07/17/1995,3.64986538461538
07/24/1995,3.64986538461538
07/31/1995,3.64986538461538
08/07/1995,3.64986538461538
08/14/1995,3.64986538461538
08/21/1995,3.64986538461538
08/28/1995,3.64986538461538
09/04/1995,3.64986538461538
09/11/1995,3.64986538461538
09/18/1995,3.64986538461538
09/25/1995,3.64986538461538
10/02/1995,3.64986538461538
10/09/1995,3.64986538461538
10/16/1995,3.64986538461538
10/23/1995,3.64986538461538
10/30/1995,3.64986538461538
11/06/1995,3.64986538461538
11/13/1995,3.64986538461538
11/20/1995,3.64986538461538
11/27/1995,3.64986538461538
12/04/1995,3.64986538461538
12/11/1995,3.64986538461538
12/18/1995,3.64986538461538
12/25/1995,3.64986538461538
01/01/1996,3.71698113207547
01/08/1996,3.71698113207547
01/15/1996,3.71698113207547
01/22/1996,3.71698113207547
01/29/1996,3.71698113207547
02/05/1996,3.71698113207547
02/12/1996,3.71698113207547
02/19/1996,3.71698113207547
02/26/1996,3.71698113207547
03/04/1996,3.71698113207547
03/11/1996,3.71698113207547
03/18/1996,3.71698113207547
03/25/1996,3.71698113207547
04/01/1996,3.71698113207547
04/08/1996,3.71698113207547
04/15/1996,3.71698113207547
04/22/1996,3.71698113207547
04/29/1996,3.71698113207547
05/06/1996,3.71698113207547
05/13/1996,3.71698113207547
05/20/1996,3.71698113207547
05/27/1996,3.71698113207547
06/03/1996,3.71698113207547
06/10/1996,3.71698113207547
06/17/1996,3.71698113207547
06/24/1996,3.71698113207547
07/01/1996,3.71698113207547
07/08/1996,3.71698113207547
07/15/1996,3.71698113207547
07/22/1996,3.71698113207547
07/29/1996,3.71698113207547
08/05/1996,3.71698113207547
08/12/1996,3.71698113207547
08/19/1996,3.71698113207547
08/26/1996,3.71698113207547
09/02/1996,3.71698113207547
09/09/1996,3.71698113207547
09/16/1996,3.71698113207547
09/23/1996,3.71698113207547
09/30/1996,3.71698113207547
10/07/1996,3.71698113207547
10/14/1996,3.71698113207547
10/21/1996,3.71698113207547
10/28/1996,3.71698113207547
11/04/1996,3.71698113207547
11/11/1996,3.71698113207547
11/18/1996,3.71698113207547
11/25/1996,3.71698113207547
12/02/1996,3.71698113207547
12/09/1996,3.71698113207547
12/16/1996,3.71698113207547
12/23/1996,3.71698113207547
12/30/1996,3.71698113207547
01/06/1997,3.71153846153846
01/13/1997,3.71153846153846
01/20/1997,3.71153846153846
01/27/1997,3.71153846153846
02/03/1997,3.71153846153846
02/10/1997,3.71153846153846
02/17/1997,3.71153846153846
02/24/1997,3.71153846153846
03/03/1997,3.71153846153846
03/10/1997,3.71153846153846
03/17/1997,3.71153846153846
03/24/1997,3.71153846153846
03/31/1997,3.71153846153846
04/07/1997,3.71153846153846
04/14/1997,3.71153846153846
04/21/1997,3.71153846153846
04/28/1997,3.71153846153846
05/05/1997,3.71153846153846
05/12/1997,3.71153846153846
05/19/1997,3.71153846153846
05/26/1997,3.71153846153846
06/02/1997,3.71153846153846
06/09/1997,3.71153846153846
06/16/1997,3.71153846153846
06/23/1997,3.71153846153846
06/30/1997,3.71153846153846
07/07/1997,3.71153846153846
07/14/1997,3.71153846153846
07/21/1997,3.71153846153846
07/28/1997,3.71153846153846
08/04/1997,3.71153846153846
08/11/1997,3.71153846153846
08/18/1997,3.71153846153846
08/25/1997,3.71153846153846
09/01/1997,3.71153846153846
09/08/1997,3.71153846153846
09/15/1997,3.71153846153846
09/22/1997,3.71153846153846
09/29/1997,3.71153846153846
10/06/1997,3.71153846153846
10/13/1997,3.71153846153846
10/20/1997,3.71153846153846
10/27/1997,3.71153846153846
11/03/1997,3.71153846153846
11/10/1997,3.71153846153846
11/17/1997,3.71153846153846
11/24/1997,3.71153846153846
12/01/1997,3.71153846153846
12/08/1997,3.71153846153846
12/15/1997,3.71153846153846
12/22/1997,3.71153846153846
12/29/1997,3.71153846153846
01/05/1998,3.92307692307692
01/12/1998,3.92307692307692
01/19/1998,3.92307692307692
01/26/1998,3.92307692307692
02/02/1998,3.92307692307692
02/09/1998,3.92307692307692
02/16/1998,3.92307692307692
02/23/1998,3.92307692307692
03/02/1998,3.92307692307692
03/09/1998,3.92307692307692
03/16/1998,3.92307692307692
03/23/1998,3.92307692307692
03/30/1998,3.92307692307692
04/06/1998,3.92307692307692
04/13/1998,3.92307692307692
04/20/1998,3.92307692307692
04/27/1998,3.92307692307692
05/04/1998,3.92307692307692
05/11/1998,3.92307692307692
05/18/1998,3.92307692307692
05/25/1998,3.92307692307692
06/01/1998,3.92307692307692
06/08/1998,3.92307692307692
06/15/1998,3.92307692307692
06/22/1998,3.92307692307692
06/29/1998,3.92307692307692
07/06/1998,3.92307692307692
07/13/1998,3.92307692307692
07/20/1998,3.92307692307692
07/27/1998,3.92307692307692
08/03/1998,3.92307692307692
08/10/1998,3.92307692307692
08/17/1998,3.92307692307692
08/24/1998,3.92307692307692
08/31/1998,3.92307692307692
09/07/1998,3.92307692307692
09/14/1998,3.92307692307692
09/21/1998,3.92307692307692
09/28/1998,3.92307692307692
10/05/1998,3.92307692307692
10/12/1998,3.92307692307692
10/19/1998,3.92307692307692
10/26/1998,3.92307692307692
11/02/1998,3.92307692307692
11/09/1998,3.92307692307692
11/16/1998,3.92307692307692
11/23/1998,3.92307692307692
11/30/1998,3.92307692307692
12/07/1998,3.92307692307692
12/14/1998,3.92307692307692
12/21/1998,3.92307692307692
12/28/1998,3.92307692307692
01/04/1999,4.09615384615385
01/11/1999,4.09615384615385
01/18/1999,4.09615384615385
01/25/1999,4.09615384615385
02/01/1999,4.09615384615385
02/08/1999,4.09615384615385
02/15/1999,4.09615384615385
02/22/1999,4.09615384615385
03/01/1999,4.09615384615385
03/08/1999,4.09615384615385
03/15/1999,4.09615384615385
03/22/1999,4.09615384615385
03/29/1999,4.09615384615385
04/05/1999,4.09615384615385
04/12/1999,4.09615384615385
04/19/1999,4.09615384615385
04/26/1999,4.09615384615385
05/03/1999,4.09615384615385
05/10/1999,4.09615384615385
05/17/1999,4.09615384615385
05/24/1999,4.09615384615385
05/31/1999,4.09615384615385
06/07/1999,4.09615384615385
06/14/1999,4.09615384615385
06/21/1999,4.09615384615385
06/28/1999,4.09615384615385
07/05/1999,4.09615384615385
07/12/1999,4.09615384615385
07/19/1999,4.09615384615385
07/26/1999,4.09615384615385
08/02/1999,4.09615384615385
08/09/1999,4.09615384615385
08/16/1999,4.09615384615385
08/23/1999,4.09615384615385
08/30/1999,4.09615384615385
09/06/1999,4.09615384615385
09/13/1999,4.09615384615385
09/20/1999,4.09615384615385
09/27/1999,4.09615384615385
10/04/1999,4.09615384615385
10/11/1999,4.09615384615385
10/18/1999,4.09615384615385
10/25/1999,4.09615384615385
11/01/1999,4.09615384615385
11/08/1999,4.09615384615385
11/15/1999,4.09615384615385
11/22/1999,4.09615384615385
11/29/1999,4.09615384615385
12/06/1999,4.09615384615385
12/13/1999,4.09615384615385
12/20/1999,4.09615384615385
12/27/1999,4.09615384615385
01/03/2000,4.23076923076923
01/10/2000,4.23076923076923
01/17/2000,4.23076923076923
01/24/2000,4.23076923076923
01/31/2000,4.23076923076923
02/07/2000,4.23076923076923
02/14/2000,4.23076923076923
02/21/2000,4.23076923076923
02/28/2000,4.23076923076923
03/06/2000,4.23076923076923
03/13/2000,4.23076923076923
03/20/2000,4.23076923076923
03/27/2000,4.23076923076923
04/03/2000,4.23076923076923
04/10/2000,4.23076923076923
04/17/2000,4.23076923076923
04/24/2000,4.23076923076923
05/01/2000,4.23076923076923
05/08/2000,4.23076923076923
05/15/2000,4.23076923076923
05/22/2000,4.23076923076923
05/29/2000,4.23076923076923
06/05/2000,4.23076923076923
06/12/2000,4.23076923076923
06/19/2000,4.23076923076923
06/26/2000,4.23076923076923
07/03/2000,4.23076923076923
07/10/2000,4.23076923076923
07/17/2000,4.23076923076923
07/24/2000,4.23076923076923
07/31/2000,4.23076923076923
08/07/2000,4.23076923076923
08/14/2000,4.23076923076923
08/21/2000,4.23076923076923
08/28/2000,4.23076923076923
09/04/2000,4.23076923076923
09/11/2000,4.23076923076923
09/18/2000,4.23076923076923
09/25/2000,4.23076923076923
10/02/2000,4.23076923076923
10/09/2000,4.23076923076923
10/16/2000,4.23076923076923
10/23/2000,4.23076923076923
10/30/2000,4.23076923076923
11/06/2000,4.23076923076923
11/13/2000,4.23076923076923
11/20/2000,4.23076923076923
11/27/2000,4.23076923076923
12/04/2000,4.23076923076923
12/11/2000,4.23076923076923
12/18/2000,4.23076923076923
12/25/2000,4.23076923076923
01/01/2001,4.60377358490566
01/08/2001,4.60377358490566
01/15/2001,4.60377358490566
01/22/2001,4.60377358490566
01/29/2001,4.60377358490566
02/05/2001,4.60377358490566
02/12/2001,4.60377358490566
02/19/2001,4.60377358490566
02/26/2001,4.60377358490566
03/05/2001,4.60377358490566
03/12/2001,4.60377358490566
03/19/2001,4.60377358490566
03/26/2001,4.60377358490566
04/02/2001,4.60377358490566
04/09/2001,4.60377358490566
04/16/2001,4.60377358490566
04/23/2001,4.60377358490566
04/30/2001,4.60377358490566
05/07/2001,4.60377358490566
05/14/2001,4.60377358490566
05/21/2001,4.60377358490566
05/28/2001,4.60377358490566
06/04/2001,4.60377358490566
06/11/2001,4.60377358490566
06/18/2001,4.60377358490566
06/25/2001,4.60377358490566
07/02/2001,4.60377358490566
07/09/2001,4.60377358490566
07/16/2001,4.60377358490566
07/23/2001,4.60377358490566
07/30/2001,4.60377358490566
08/06/2001,4.60377358490566
08/13/2001,4.60377358490566
08/20/2001,4.60377358490566
08/27/2001,4.60377358490566
09/03/2001,4.60377358490566
09/10/2001,4.60377358490566
09/17/2001,4.60377358490566
09/24/2001,4.60377358490566
10/01/2001,4.60377358490566
10/08/2001,4.60377358490566
10/15/2001,4.60377358490566
10/22/2001,4.60377358490566
10/29/2001,4.60377358490566
11/05/2001,4.60377358490566
11/12/2001,4.60377358490566
11/19/2001,4.60377358490566
11/26/2001,4.60377358490566
12/03/2001,4.60377358490566
12/10/2001,4.60377358490566
12/17/2001,4.60377358490566
12/24/2001,4.60377358490566
12/31/2001,4.60377358490566
01/07/2002,5.32692307692308
01/14/2002,5.32692307692308
01/21/2002,5.32692307692308
01/28/2002,5.32692307692308
02/04/2002,5.32692307692308
02/11/2002,5.32692307692308
02/18/2002,5.32692307692308
02/25/2002,5.32692307692308
03/04/2002,5.32692307692308
03/11/2002,5.32692307692308
03/18/2002,5.32692307692308
03/25/2002,5.32692307692308
04/01/2002,5.32692307692308
04/08/2002,5.32692307692308
04/15/2002,5.32692307692308
04/22/2002,5.32692307692308
04/29/2002,5.32692307692308
05/06/2002,5.32692307692308
05/13/2002,5.32692307692308
05/20/2002,5.32692307692308
05/27/2002,5.32692307692308
06/03/2002,5.32692307692308
06/10/2002,5.32692307692308
06/17/2002,5.32692307692308
06/24/2002,5.32692307692308
07/01/2002,5.32692307692308
07/08/2002,5.32692307692308
07/15/2002,5.32692307692308
07/22/2002,5.32692307692308
07/29/2002,5.32692307692308
08/05/2002,5.32692307692308
08/12/2002,5.32692307692308
08/19/2002,5.32692307692308
08/26/2002,5.32692307692308
09/02/2002,5.32692307692308
09/09/2002,5.32692307692308
09/16/2002,5.32692307692308
09/23/2002,5.32692307692308
09/30/2002,5.32692307692308
10/07/2002,5.32692307692308
10/14/2002,5.32692307692308
10/21/2002,5.32692307692308
10/28/2002,5.32692307692308
11/04/2002,5.32692307692308
11/11/2002,5.32692307692308
11/18/2002,5.32692307692308
11/25/2002,5.32692307692308
12/02/2002,5.32692307692308
12/09/2002,5.32692307692308
12/16/2002,5.32692307692308
12/23/2002,5.32692307692308
12/30/2002,5.32692307692308
01/06/2003,7.21153846153846
01/13/2003,7.21153846153846
01/20/2003,7.21153846153846
01/27/2003,7.21153846153846
02/03/2003,7.21153846153846
02/10/2003,7.21153846153846
02/17/2003,7.21153846153846
02/24/2003,7.21153846153846
03/03/2003,7.21153846153846
03/10/2003,7.21153846153846
03/17/2003,7.21153846153846
03/24/2003,7.21153846153846
03/31/2003,7.21153846153846
04/07/2003,7.21153846153846
04/14/2003,7.21153846153846
04/21/2003,7.21153846153846
04/28/2003,7.21153846153846
05/05/2003,7.21153846153846
05/12/2003,7.21153846153846
05/19/2003,7.21153846153846
05/26/2003,7.21153846153846
06/02/2003,7.21153846153846
06/09/2003,7.21153846153846
06/16/2003,7.21153846153846
06/23/2003,7.21153846153846
06/30/2003,7.21153846153846
07/07/2003,7.21153846153846
07/14/2003,7.21153846153846
07/21/2003,7.21153846153846
07/28/2003,7.21153846153846
08/04/2003,7.21153846153846
08/11/2003,7.21153846153846
08/18/2003,7.21153846153846
08/25/2003,7.21153846153846
09/01/2003,7.21153846153846
09/08/2003,7.21153846153846
09/15/2003,7.21153846153846
09/22/2003,7.21153846153846
09/29/2003,7.21153846153846
10/06/2003,7.21153846153846
10/13/2003,7.21153846153846
10/20/2003,7.21153846153846
10/27/2003,7.21153846153846
11/03/2003,7.21153846153846
11/10/2003,7.21153846153846
11/17/2003,7.21153846153846
11/24/2003,7.21153846153846
12/01/2003,7.21153846153846
12/08/2003,7.21153846153846
12/15/2003,7.21153846153846
12/22/2003,7.21153846153846
12/29/2003,7.21153846153846
01/05/2004,8.01923076923077
01/12/2004,8.01923076923077
01/19/2004,8.01923076923077
01/26/2004,8.01923076923077
02/02/2004,8.01923076923077
02/09/2004,8.01923076923077
02/16/2004,8.01923076923077
02/23/2004,8.01923076923077
03/01/2004,8.01923076923077
03/08/2004,8.01923076923077
03/15/2004,8.01923076923077
03/22/2004,8.01923076923077
03/29/2004,8.01923076923077
04/05/2004,8.01923076923077
04/12/2004,8.01923076923077
04/19/2004,8.01923076923077
04/26/2004,8.01923076923077
05/03/2004,8.01923076923077
05/10/2004,8.01923076923077
05/17/2004,8.01923076923077
05/24/2004,8.01923076923077
05/31/2004,8.01923076923077
06/07/2004,8.01923076923077
06/14/2004,8.01923076923077
06/21/2004,8.01923076923077
06/28/2004,8.01923076923077
07/05/2004,8.01923076923077
07/12/2004,8.01923076923077
07/19/2004,8.01923076923077
07/26/2004,8.01923076923077
08/02/2004,8.01923076923077
08/09/2004,8.01923076923077
08/16/2004,8.01923076923077
08/23/2004,8.01923076923077
08/30/2004,8.01923076923077
09/06/2004,8.01923076923077
09/13/2004,8.01923076923077
09/20/2004,8.01923076923077
09/27/2004,8.01923076923077
10/04/2004,8.01923076923077
10/11/2004,8.01923076923077
10/18/2004,8.01923076923077
10/25/2004,8.01923076923077
11/01/2004,8.01923076923077
11/08/2004,8.01923076923077
11/15/2004,8.01923076923077
11/22/2004,8.01923076923077
11/29/2004,8.01923076923077
12/06/2004,8.01923076923077
12/13/2004,8.01923076923077
12/20/2004,8.01923076923077
12/27/2004,8.01923076923077
01/03/2005,10.1153846153846
01/10/2005,10.1153846153846
01/17/2005,10.1153846153846
01/24/2005,10.1153846153846
01/31/2005,10.1153846153846
02/07/2005,10.1153846153846
02/14/2005,10.1153846153846
02/21/2005,10.1153846153846
02/28/2005,10.1153846153846
03/07/2005,10.1153846153846
03/14/2005,10.1153846153846
03/21/2005,10.1153846153846
03/28/2005,10.1153846153846
04/04/2005,10.1153846153846
04/11/2005,10.1153846153846
04/18/2005,10.1153846153846
04/25/2005,10.1153846153846
05/02/2005,10.1153846153846
05/09/2005,10.1153846153846
05/16/2005,10.1153846153846
05/23/2005,10.1153846153846
05/30/2005,10.1153846153846
06/06/2005,10.1153846153846
06/13/2005,10.1153846153846
06/20/2005,10.1153846153846
06/27/2005,10.1153846153846
07/04/2005,10.1153846153846
07/11/2005,10.1153846153846
07/18/2005,10.1153846153846
07/25/2005,10.1153846153846
08/01/2005,10.1153846153846
08/08/2005,10.1153846153846
08/15/2005,10.1153846153846
08/22/2005,10.1153846153846
08/29/2005,10.1153846153846
09/05/2005,10.1153846153846
09/12/2005,10.1153846153846
09/19/2005,10.1153846153846
09/26/2005,10.1153846153846
10/03/2005,10.1153846153846
10/10/2005,10.1153846153846
10/17/2005,10.1153846153846
10/24/2005,10.1153846153846
10/31/2005,10.1153846153846
11/07/2005,10.1153846153846
11/14/2005,10.1153846153846
11/21/2005,10.1153846153846
11/28/2005,10.1153846153846
12/05/2005,10.1153846153846
12/12/2005,10.1153846153846
12/19/2005,10.1153846153846
12/26/2005,10.1153846153846
01/02/2006,8.73076923076923
01/09/2006,8.73076923076923
01/16/2006,8.73076923076923
01/23/2006,8.73076923076923
01/30/2006,8.73076923076923
02/06/2006,8.73076923076923
02/13/2006,8.73076923076923
02/20/2006,8.73076923076923
02/27/2006,8.73076923076923
03/06/2006,8.73076923076923
03/13/2006,8.73076923076923
03/20/2006,8.73076923076923
03/27/2006,8.73076923076923
04/03/2006,8.73076923076923
04/10/2006,8.73076923076923
04/17/2006,8.73076923076923
04/24/2006,8.73076923076923
05/01/2006,8.73076923076923
05/08/2006,8.73076923076923
05/15/2006,8.73076923076923
05/22/2006,8.73076923076923
05/29/2006,8.73076923076923
06/05/2006,8.73076923076923
06/12/2006,8.73076923076923
06/19/2006,8.73076923076923
06/26/2006,8.73076923076923
07/03/2006,8.73076923076923
07/10/2006,8.73076923076923
07/17/2006,8.73076923076923
07/24/2006,8.73076923076923
07/31/2006,8.73076923076923
08/07/2006,8.73076923076923
08/14/2006,8.73076923076923
08/21/2006,8.73076923076923
08/28/2006,8.73076923076923
09/04/2006,8.73076923076923
09/11/2006,8.73076923076923
09/18/2006,8.73076923076923
09/25/2006,8.73076923076923
10/02/2006,8.73076923076923
10/09/2006,8.73076923076923
10/16/2006,8.73076923076923
10/23/2006,8.73076923076923
10/30/2006,8.73076923076923
11/06/2006,8.73076923076923
11/13/2006,8.73076923076923
11/20/2006,8.73076923076923
11/27/2006,8.73076923076923
12/04/2006,8.73076923076923
12/11/2006,8.73076923076923
12/18/2006,8.73076923076923
12/25/2006,8.73076923076923
01/01/2007,9.18867924528302
01/08/2007,9.18867924528302
01/15/2007,9.18867924528302
01/22/2007,9.18867924528302
01/29/2007,9.18867924528302
02/05/2007,9.18867924528302
02/12/2007,9.18867924528302
02/19/2007,9.18867924528302
02/26/2007,9.18867924528302
03/05/2007,9.18867924528302
03/12/2007,9.18867924528302
03/19/2007,9.18867924528302
03/26/2007,9.18867924528302
04/02/2007,9.18867924528302
04/09/2007,9.18867924528302
04/16/2007,9.18867924528302
04/23/2007,9.18867924528302
04/30/2007,9.18867924528302
05/07/2007,9.18867924528302
05/14/2007,9.18867924528302
05/21/2007,9.18867924528302
05/28/2007,9.18867924528302
06/04/2007,9.18867924528302
06/11/2007,9.18867924528302
06/18/2007,9.18867924528302
06/25/2007,9.18867924528302
07/02/2007,9.18867924528302
07/09/2007,9.18867924528302
07/16/2007,9.18867924528302
07/23/2007,9.18867924528302
07/30/2007,9.18867924528302
08/06/2007,9.18867924528302
08/13/2007,9.18867924528302
08/20/2007,9.18867924528302
08/27/2007,9.18867924528302
09/03/2007,9.18867924528302
09/10/2007,9.18867924528302
09/17/2007,9.18867924528302
09/24/2007,9.18867924528302
10/01/2007,9.18867924528302
10/08/2007,9.18867924528302
10/15/2007,9.18867924528302
10/22/2007,9.18867924528302
10/29/2007,9.18867924528302
11/05/2007,9.18867924528302
11/12/2007,9.18867924528302
11/19/2007,9.18867924528302
11/26/2007,9.18867924528302
12/03/2007,9.18867924528302
12/10/2007,9.18867924528302
12/17/2007,9.18867924528302
12/24/2007,9.18867924528302
12/31/2007,9.18867924528302
01/07/2008,9.42307692307692
01/14/2008,9.42307692307692
01/21/2008,9.42307692307692
01/28/2008,9.42307692307692
02/04/2008,9.42307692307692
02/11/2008,9.42307692307692
02/18/2008,9.42307692307692
02/25/2008,9.42307692307692
03/03/2008,9.42307692307692
03/10/2008,9.42307692307692
03/17/2008,9.42307692307692
03/24/2008,9.42307692307692
03/31/2008,9.42307692307692
04/07/2008,9.42307692307692
04/14/2008,9.42307692307692
04/21/2008,9.42307692307692
04/28/2008,9.42307692307692
05/05/2008,9.42307692307692
05/12/2008,9.42307692307692
05/19/2008,9.42307692307692
05/26/2008,9.42307692307692
06/02/2008,9.42307692307692
06/09/2008,9.42307692307692
06/16/2008,9.42307692307692
06/23/2008,9.42307692307692
06/30/2008,9.42307692307692
07/07/2008,9.42307692307692
07/14/2008,9.42307692307692
07/21/2008,9.42307692307692
07/28/2008,9.42307692307692
08/04/2008,9.42307692307692
08/11/2008,9.42307692307692
08/18/2008,9.42307692307692
08/25/2008,9.42307692307692
09/01/2008,9.42307692307692
09/08/2008,9.42307692307692
09/15/2008,9.42307692307692
09/22/2008,9.42307692307692
09/29/2008,9.42307692307692
10/06/2008,9.42307692307692
10/13/2008,9.42307692307692
10/20/2008,9.42307692307692
10/27/2008,9.42307692307692
11/03/2008,9.42307692307692
11/10/2008,9.42307692307692
11/17/2008,9.42307692307692
11/24/2008,9.42307692307692
12/01/2008,9.42307692307692
12/08/2008,9.42307692307692
12/15/2008,9.42307692307692
12/22/2008,9.42307692307692
12/29/2008,9.42307692307692
01/05/2009,9.96153846153846
01/12/2009,9.96153846153846
01/19/2009,9.96153846153846
01/26/2009,9.96153846153846
02/02/2009,9.96153846153846
02/09/2009,9.96153846153846
02/16/2009,9.96153846153846
02/23/2009,9.96153846153846
03/02/2009,9.96153846153846
03/09/2009,9.96153846153846
03/16/2009,9.96153846153846
03/23/2009,9.96153846153846
03/30/2009,9.96153846153846
04/06/2009,9.96153846153846
04/13/2009,9.96153846153846
04/20/2009,9.96153846153846
04/27/2009,9.96153846153846
05/04/2009,9.96153846153846
05/11/2009,9.96153846153846
05/18/2009,9.96153846153846
05/25/2009,9.96153846153846
06/01/2009,9.96153846153846
06/08/2009,9.96153846153846
06/15/2009,9.96153846153846
06/22/2009,9.96153846153846
06/29/2009,9.96153846153846
07/06/2009,9.96153846153846
07/13/2009,9.96153846153846
07/20/2009,9.96153846153846
07/27/2009,9.96153846153846
08/03/2009,9.96153846153846
08/10/2009,9.96153846153846
08/17/2009,9.96153846153846
08/24/2009,9.96153846153846
08/31/2009,9.96153846153846
09/07/2009,9.96153846153846
09/14/2009,9.96153846153846
09/21/2009,9.96153846153846
09/28/2009,9.96153846153846
10/05/2009,9.96153846153846
10/12/2009,9.96153846153846
10/19/2009,9.96153846153846
10/26/2009,9.96153846153846
11/02/2009,9.96153846153846
11/09/2009,9.96153846153846
11/16/2009,9.96153846153846
11/23/2009,9.96153846153846
11/30/2009,9.96153846153846
12/07/2009,9.96153846153846
12/14/2009,9.96153846153846
12/21/2009,9.96153846153846
12/28/2009,9.96153846153846
01/04/2010,11.0192307692308
01/11/2010,11.0192307692308
01/18/2010,11.0192307692308
01/25/2010,11.0192307692308
02/01/2010,11.0192307692308
02/08/2010,11.0192307692308
02/15/2010,11.0192307692308
02/22/2010,11.0192307692308
03/01/2010,11.0192307692308
03/08/2010,11.0192307692308
03/15/2010,11.0192307692308
03/22/2010,11.0192307692308
03/29/2010,11.0192307692308
04/05/2010,11.0192307692308
04/12/2010,11.0192307692308
04/19/2010,11.0192307692308
04/26/2010,11.0192307692308
05/03/2010,11.0192307692308
05/10/2010,11.0192307692308
05/17/2010,11.0192307692308
05/24/2010,11.0192307692308
05/31/2010,11.0192307692308
06/07/2010,11.0192307692308
06/14/2010,11.0192307692308
06/21/2010,11.0192307692308
06/28/2010,11.0192307692308
07/05/2010,11.0192307692308
07/12/2010,11.0192307692308
07/19/2010,11.0192307692308
07/26/2010,11.0192307692308
08/02/2010,11.0192307692308
08/09/2010,11.0192307692308
08/16/2010,11.0192307692308
08/23/2010,11.0192307692308
08/30/2010,11.0192307692308
09/06/2010,11.0192307692308
09/13/2010,11.0192307692308
09/20/2010,11.0192307692308
09/27/2010,11.0192307692308
10/04/2010,11.0192307692308
10/11/2010,11.0192307692308
10/18/2010,11.0192307692308
10/25/2010,11.0192307692308
11/01/2010,11.0192307692308
11/08/2010,11.0192307692308
11/15/2010,11.0192307692308
11/22/2010,11.0192307692308
11/29/2010,11.0192307692308
12/06/2010,11.0192307692308
12/13/2010,11.0192307692308
12/20/2010,11.0192307692308
12/27/2010,11.0192307692308
01/03/2011,13
01/10/2011,13
01/17/2011,13
01/24/2011,13
01/31/2011,13
02/07/2011,13
02/14/2011,13
02/21/2011,13
02/28/2011,13
03/07/2011,13
03/14/2011,13
03/21/2011,13
03/28/2011,13
04/04/2011,13
04/11/2011,13
04/18/2011,13
04/25/2011,13
05/02/2011,13
05/09/2011,13
05/16/2011,13
05/23/2011,13
05/30/2011,13
06/06/2011,13
06/13/2011,13
06/20/2011,13
06/27/2011,13
07/04/2011,13
07/11/2011,13
07/18/2011,13
07/25/2011,13
08/01/2011,13
08/08/2011,13
08/15/2011,13
08/22/2011,13
08/29/2011,13
09/05/2011,13
09/12/2011,13
09/19/2011,13
09/26/2011,13
10/03/2011,13
10/10/2011,13
10/17/2011,13
10/24/2011,13
10/31/2011,13
11/07/2011,13
11/14/2011,13
11/21/2011,13
11/28/2011,13
12/05/2011,13
12/12/2011,13
12/19/2011,13
12/26/2011,13
01/02/2012,13.6981132075472
01/09/2012,13.6981132075472
01/16/2012,13.6981132075472
01/23/2012,13.6981132075472
01/30/2012,13.6981132075472
02/06/2012,13.6981132075472
02/13/2012,13.6981132075472
02/20/2012,13.6981132075472
02/27/2012,13.6981132075472
03/05/2012,13.6981132075472
03/12/2012,13.6981132075472
03/19/2012,13.6981132075472
03/26/2012,13.6981132075472
04/02/2012,13.6981132075472
04/09/2012,13.6981132075472
04/16/2012,13.6981132075472
04/23/2012,13.6981132075472
04/30/2012,13.6981132075472
05/07/2012,13.6981132075472
05/14/2012,13.6981132075472
05/21/2012,13.6981132075472
05/28/2012,13.6981132075472
06/04/2012,13.6981132075472
06/11/2012,13.6981132075472
06/18/2012,13.6981132075472
06/25/2012,13.6981132075472
07/02/2012,13.6981132075472
07/09/2012,13.6981132075472
07/16/2012,13.6981132075472
07/23/2012,13.6981132075472
07/30/2012,13.6981132075472
08/06/2012,13.6981132075472
08/13/2012,13.6981132075472
08/20/2012,13.6981132075472
08/27/2012,13.6981132075472
09/03/2012,13.6981132075472
09/10/2012,13.6981132075472
09/17/2012,13.6981132075472
09/24/2012,13.6981132075472
10/01/2012,13.6981132075472
10/08/2012,13.6981132075472
10/15/2012,13.6981132075472
10/22/2012,13.6981132075472
10/29/2012,13.6981132075472
11/05/2012,13.6981132075472
11/12/2012,13.6981132075472
11/19/2012,13.6981132075472
11/26/2012,13.6981132075472
12/03/2012,13.6981132075472
12/10/2012,13.6981132075472
12/17/2012,13.6981132075472
12/24/2012,13.6981132075472
12/31/2012,13.6981132075472
01/07/2013,14.0961538461538
01/14/2013,14.0961538461538
01/21/2013,14.0961538461538
01/28/2013,14.0961538461538
02/04/2013,14.0961538461538
02/11/2013,14.0961538461538
02/18/2013,14.0961538461538
02/25/2013,14.0961538461538
03/04/2013,14.0961538461538
03/11/2013,14.0961538461538
03/18/2013,14.0961538461538
03/25/2013,14.0961538461538
04/01/2013,14.0961538461538
04/08/2013,14.0961538461538
04/15/2013,14.0961538461538
04/22/2013,14.0961538461538
04/29/2013,14.0961538461538
05/06/2013,14.0961538461538
05/13/2013,14.0961538461538
05/20/2013,14.0961538461538
05/27/2013,14.0961538461538
06/03/2013,14.0961538461538
06/10/2013,14.0961538461538
06/17/2013,14.0961538461538
06/24/2013,14.0961538461538
07/01/2013,14.0961538461538
07/08/2013,14.0961538461538
07/15/2013,14.0961538461538
07/22/2013,14.0961538461538
07/29/2013,14.0961538461538
08/05/2013,14.0961538461538
08/12/2013,14.0961538461538
08/19/2013,14.0961538461538
08/26/2013,14.0961538461538
09/02/2013,14.0961538461538
09/09/2013,14.0961538461538
09/16/2013,14.0961538461538
09/23/2013,14.0961538461538
09/30/2013,14.0961538461538
10/07/2013,14.0961538461538
10/14/2013,14.0961538461538
10/21/2013,14.0961538461538
10/28/2013,14.0961538461538
11/04/2013,14.0961538461538
11/11/2013,14.0961538461538
11/18/2013,14.0961538461538
11/25/2013,14.0961538461538
12/02/2013,14.0961538461538
12/09/2013,14.0961538461538
12/16/2013,14.0961538461538
12/23/2013,14.0961538461538
12/30/2013,14.0961538461538
01/06/2014,14.75
01/13/2014,14.75
01/20/2014,14.75
01/27/2014,14.75
02/03/2014,14.75
02/10/2014,14.75
02/17/2014,14.75
02/24/2014,14.75
03/03/2014,14.75
03/10/2014,14.75
03/17/2014,14.75
03/24/2014,14.75
03/31/2014,14.75
04/07/2014,14.75
04/14/2014,14.75
04/21/2014,14.75
04/28/2014,14.75
05/05/2014,14.75
05/12/2014,14.75
05/19/2014,14.75
05/26/2014,14.75
06/02/2014,14.75
06/09/2014,14.75
06/16/2014,14.75
06/23/2014,14.75
06/30/2014,14.75
07/07/2014,14.75
07/14/2014,14.75
07/21/2014,14.75
07/28/2014,14.75
08/04/2014,14.75
08/11/2014,14.75
08/18/2014,14.75
08/25/2014,14.75
09/01/2014,14.75
09/08/2014,14.75
09/15/2014,14.75
09/22/2014,14.75
09/29/2014,14.75
10/06/2014,14.75
10/13/2014,14.75
10/20/2014,14.75
10/27/2014,14.75
11/03/2014,14.75
11/10/2014,14.75
11/17/2014,14.75
11/24/2014,14.75
12/01/2014,14.75
12/08/2014,14.75
12/15/2014,14.75
12/22/2014,14.75
12/29/2014,14.75
01/05/2015,17.5192307692308
01/12/2015,17.5192307692308
01/19/2015,17.5192307692308
01/26/2015,17.5192307692308
02/02/2015,17.5192307692308
02/09/2015,17.5192307692308
02/16/2015,17.5192307692308
02/23/2015,17.5192307692308
03/02/2015,17.5192307692308
03/09/2015,17.5192307692308
03/16/2015,17.5192307692308
03/23/2015,17.5192307692308
03/30/2015,17.5192307692308
04/06/2015,17.5192307692308
04/13/2015,17.5192307692308
04/20/2015,17.5192307692308
04/27/2015,17.5192307692308
05/04/2015,17.5192307692308
05/11/2015,17.5192307692308
05/18/2015,17.5192307692308
05/25/2015,17.5192307692308
06/01/2015,17.5192307692308
06/08/2015,17.5192307692308
06/15/2015,17.5192307692308
06/22/2015,17.5192307692308
06/29/2015,17.5192307692308
07/06/2015,17.5192307692308
07/13/2015,17.5192307692308
07/20/2015,17.5192307692308
07/27/2015,17.5192307692308
08/03/2015,17.5192307692308
08/10/2015,17.5192307692308
08/17/2015,17.5192307692308
08/24/2015,17.5192307692308
08/31/2015,17.5192307692308
09/07/2015,17.5192307692308
09/14/2015,17.5192307692308
09/21/2015,17.5192307692308
09/28/2015,17.5192307692308
10/05/2015,17.5192307692308
10/12/2015,17.5192307692308
10/19/2015,17.5192307692308
10/26/2015,17.5192307692308
11/02/2015,17.5192307692308
11/09/2015,17.5192307692308
11/16/2015,17.5192307692308
11/23/2015,17.5192307692308
11/30/2015,17.5192307692308
12/07/2015,17.5192307692308
12/14/2015,17.5192307692308
12/21/2015,17.5192307692308
12/28/2015,17.5192307692308
01/04/2016,19.9230769230769
01/11/2016,19.9230769230769
01/18/2016,19.9230769230769
01/25/2016,19.9230769230769
02/01/2016,19.9230769230769
02/08/2016,19.9230769230769
02/15/2016,19.9230769230769
02/22/2016,19.9230769230769
02/29/2016,19.9230769230769
03/07/2016,19.9230769230769
03/14/2016,19.9230769230769
03/21/2016,19.9230769230769
03/28/2016,19.9230769230769
04/04/2016,19.9230769230769
04/11/2016,19.9230769230769
04/18/2016,19.9230769230769
04/25/2016,19.9230769230769
05/02/2016,19.9230769230769
05/09/2016,19.9230769230769
05/16/2016,19.9230769230769
05/23/2016,19.9230769230769
05/30/2016,19.9230769230769
06/06/2016,19.9230769230769
06/13/2016,19.9230769230769
06/20/2016,19.9230769230769
06/27/2016,19.9230769230769
07/04/2016,19.9230769230769
07/11/2016,19.9230769230769
07/18/2016,19.9230769230769
07/25/2016,19.9230769230769
08/01/2016,19.9230769230769
08/08/2016,19.9230769230769
08/15/2016,19.9230769230769
08/22/2016,19.9230769230769
08/29/2016,19.9230769230769
09/05/2016,19.9230769230769
09/12/2016,19.9230769230769
09/19/2016,19.9230769230769
09/26/2016,19.9230769230769
10/03/2016,19.9230769230769
10/10/2016,19.9230769230769
10/17/2016,19.9230769230769
10/24/2016,19.9230769230769
10/31/2016,19.9230769230769
11/07/2016,19.9230769230769
11/14/2016,19.9230769230769
11/21/2016,19.9230769230769
11/28/2016,19.9230769230769
12/05/2016,19.9230769230769
12/12/2016,19.9230769230769
12/19/2016,19.9230769230769
12/26/2016,19.9230769230769
01/02/2017,21.3269230769231
01/09/2017,21.3269230769231
01/16/2017,21.3269230769231
01/23/2017,21.3269230769231
01/30/2017,21.3269230769231
02/06/2017,21.3269230769231
02/13/2017,21.3269230769231
02/20/2017,21.3269230769231
02/27/2017,21.3269230769231
03/06/2017,21.3269230769231
03/13/2017,21.3269230769231
03/20/2017,21.3269230769231
03/27/2017,21.3269230769231
04/03/2017,21.3269230769231
04/10/2017,21.3269230769231
04/17/2017,21.3269230769231
04/24/2017,21.3269230769231
05/01/2017,21.3269230769231
05/08/2017,21.3269230769231
05/15/2017,21.3269230769231
05/22/2017,21.3269230769231
05/29/2017,21.3269230769231
06/05/2017,21.3269230769231
06/12/2017,21.3269230769231
06/19/2017,21.3269230769231
06/26/2017,21.3269230769231
07/03/2017,21.3269230769231
07/10/2017,21.3269230769231
07/17/2017,21.3269230769231
07/24/2017,21.3269230769231
07/31/2017,21.3269230769231
08/07/2017,21.3269230769231
08/14/2017,21.3269230769231
08/21/2017,21.3269230769231
08/28/2017,21.3269230769231
09/04/2017,21.3269230769231
09/11/2017,21.3269230769231
09/18/2017,21.3269230769231
09/25/2017,21.3269230769231
10/02/2017,21.3269230769231
10/09/2017,21.3269230769231
10/16/2017,21.3269230769231
10/23/2017,21.3269230769231
10/30/2017,21.3269230769231
11/06/2017,21.3269230769231
11/13/2017,21.3269230769231
11/20/2017,21.3269230769231
11/27/2017,21.3269230769231
12/04/2017,21.3269230769231
12/11/2017,21.3269230769231
12/18/2017,21.3269230769231
12/25/2017,21.3269230769231
01/01/2018,22.2452830188679
01/08/2018,22.2452830188679
01/15/2018,22.2452830188679
01/22/2018,22.2452830188679
01/29/2018,22.2452830188679
02/05/2018,22.2452830188679
02/12/2018,22.2452830188679
02/19/2018,22.2452830188679
02/26/2018,22.2452830188679
03/05/2018,22.2452830188679
03/12/2018,22.2452830188679
03/19/2018,22.2452830188679
03/26/2018,22.2452830188679
04/02/2018,22.2452830188679
04/09/2018,22.2452830188679
04/16/2018,22.2452830188679
04/23/2018,22.2452830188679
04/30/2018,22.2452830188679
05/07/2018,22.2452830188679
05/14/2018,22.2452830188679
05/21/2018,22.2452830188679
05/28/2018,22.2452830188679
06/04/2018,22.2452830188679
06/11/2018,22.2452830188679
06/18/2018,22.2452830188679
06/25/2018,22.2452830188679
07/02/2018,22.2452830188679
07/09/2018,22.2452830188679
07/16/2018,22.2452830188679
07/23/2018,22.2452830188679
07/30/2018,22.2452830188679
08/06/2018,22.2452830188679
08/13/2018,22.2452830188679
08/20/2018,22.2452830188679
08/27/2018,22.2452830188679
09/03/2018,22.2452830188679
09/10/2018,22.2452830188679
09/17/2018,22.2452830188679
09/24/2018,22.2452830188679
10/01/2018,22.2452830188679
10/08/2018,22.2452830188679
10/15/2018,22.2452830188679
10/22/2018,22.2452830188679
10/29/2018,22.2452830188679
11/05/2018,22.2452830188679
11/12/2018,22.2452830188679
11/19/2018,22.2452830188679
11/26/2018,22.2452830188679
12/03/2018,22.2452830188679
12/10/2018,22.2452830188679
12/17/2018,22.2452830188679
12/24/2018,22.2452830188679
12/31/2018,22.2452830188679
01/07/2019,24.4038461538462
01/14/2019,24.4038461538462
01/21/2019,24.4038461538462
01/28/2019,24.4038461538462
02/04/2019,24.4038461538462
02/11/2019,24.4038461538462
02/18/2019,24.4038461538462
02/25/2019,24.4038461538462
03/04/2019,24.4038461538462
03/11/2019,24.4038461538462
03/18/2019,24.4038461538462
03/25/2019,24.4038461538462
04/01/2019,24.4038461538462
04/08/2019,24.4038461538462
04/15/2019,24.4038461538462
04/22/2019,24.4038461538462
04/29/2019,24.4038461538462
05/06/2019,24.4038461538462
05/13/2019,24.4038461538462
05/20/2019,24.4038461538462
05/27/2019,24.4038461538462
06/03/2019,24.4038461538462
06/10/2019,24.4038461538462
06/17/2019,24.4038461538462
06/24/2019,24.4038461538462
07/01/2019,24.4038461538462
07/08/2019,24.4038461538462
07/15/2019,24.4038461538462
07/22/2019,24.4038461538462
07/29/2019,24.4038461538462
08/05/2019,24.4038461538462
08/12/2019,24.4038461538462
08/19/2019,24.4038461538462
08/26/2019,24.4038461538462
09/02/2019,24.4038461538462
09/09/2019,24.4038461538462
09/16/2019,24.4038461538462
09/23/2019,24.4038461538462
09/30/2019,24.4038461538462
10/07/2019,24.4038461538462
10/14/2019,24.4038461538462
10/21/2019,24.4038461538462
10/28/2019,24.4038461538462
11/04/2019,24.4038461538462
11/11/2019,24.4038461538462
11/18/2019,24.4038461538462
11/25/2019,24.4038461538462
12/02/2019,24.4038461538462
12/09/2019,24.4038461538462
12/16/2019,24.4038461538462
12/23/2019,24.4038461538462
12/30/2019,24.4038461538462
01/06/2020,21.9038461538462
01/13/2020,21.9038461538462
01/20/2020,21.9038461538462
01/27/2020,21.9038461538462
02/03/2020,21.9038461538462
02/10/2020,21.9038461538462
02/17/2020,21.9038461538462
02/24/2020,21.9038461538462
03/02/2020,21.9038461538462
03/09/2020,21.9038461538462
03/16/2020,21.9038461538462
03/23/2020,21.9038461538462
03/30/2020,21.9038461538462
04/06/2020,21.9038461538462
04/13/2020,21.9038461538462
04/20/2020,21.9038461538462
04/27/2020,21.9038461538462
05/04/2020,21.9038461538462
05/11/2020,21.9038461538462
05/18/2020,21.9038461538462
05/25/2020,21.9038461538462
06/01/2020,21.9038461538462
06/08/2020,21.9038461538462
06/15/2020,21.9038461538462
06/22/2020,21.9038461538462
06/29/2020,21.9038461538462
07/06/2020,21.9038461538462
07/13/2020,21.9038461538462
07/20/2020,21.9038461538462
07/27/2020,21.9038461538462
08/03/2020,21.9038461538462
08/10/2020,21.9038461538462
08/17/2020,21.9038461538462
08/24/2020,21.9038461538462
08/31/2020,21.9038461538462
09/07/2020,21.9038461538462
09/14/2020,21.9038461538462
09/21/2020,21.9038461538462
09/28/2020,21.9038461538462
10/05/2020,21.9038461538462
10/12/2020,21.9038461538462
10/19/2020,21.9038461538462
10/26/2020,21.9038461538462
11/02/2020,21.9038461538462
11/09/2020,21.9038461538462
11/16/2020,21.9038461538462
11/23/2020,21.9038461538462
11/30/2020,21.9038461538462
12/07/2020,21.9038461538462
12/14/2020,21.9038461538462
12/21/2020,21.9038461538462
12/28/2020,21.9038461538462
01/04/2021,23.8076923076923
01/11/2021,23.8076923076923
01/18/2021,23.8076923076923
01/25/2021,23.8076923076923
02/01/2021,23.8076923076923
02/08/2021,23.8076923076923
02/15/2021,23.8076923076923
02/22/2021,23.8076923076923
03/01/2021,23.8076923076923
03/08/2021,23.8076923076923
03/15/2021,23.8076923076923
03/22/2021,23.8076923076923
03/29/2021,23.8076923076923
04/05/2021,23.8076923076923
04/12/2021,23.8076923076923
04/19/2021,23.8076923076923
04/26/2021,23.8076923076923
05/03/2021,23.8076923076923
05/10/2021,23.8076923076923
05/17/2021,23.8076923076923
05/24/2021,23.8076923076923
05/31/2021,23.8076923076923
06/07/2021,23.8076923076923
06/14/2021,23.8076923076923
06/21/2021,23.8076923076923
06/28/2021,23.8076923076923
07/05/2021,23.8076923076923
07/12/2021,23.8076923076923
07/19/2021,23.8076923076923
07/26/2021,23.8076923076923
08/02/2021,23.8076923076923
08/09/2021,23.8076923076923
08/16/2021,23.8076923076923
08/23/2021,23.8076923076923
08/30/2021,23.8076923076923
09/06/2021,23.8076923076923
09/13/2021,23.8076923076923
09/20/2021,23.8076923076923
09/27/2021,23.8076923076923
10/04/2021,23.8076923076923
10/11/2021,23.8076923076923
10/18/2021,23.8076923076923
10/25/2021,23.8076923076923
11/01/2021,23.8076923076923
11/08/2021,23.8076923076923
11/15/2021,23.8076923076923
11/22/2021,23.8076923076923
11/29/2021,23.8076923076923
12/06/2021,23.8076923076923
12/13/2021,23.8076923076923
12/20/2021,23.8076923076923
12/27/2021,23.8076923076923
01/03/2022,21.5192307692308
01/10/2022,21.5192307692308
01/17/2022,21.5192307692308
01/24/2022,21.5192307692308
01/31/2022,21.5192307692308
02/07/2022,21.5192307692308
02/14/2022,21.5192307692308
02/21/2022,21.5192307692308
02/28/2022,21.5192307692308
03/07/2022,21.5192307692308
03/14/2022,21.5192307692308
03/21/2022,21.5192307692308
03/28/2022,21.5192307692308
04/04/2022,21.5192307692308
04/11/2022,21.5192307692308
04/18/2022,21.5192307692308
04/25/2022,21.5192307692308
05/02/2022,21.5192307692308
05/09/2022,21.5192307692308
05/16/2022,21.5192307692308
05/23/2022,21.5192307692308
05/30/2022,21.5192307692308
06/06/2022,21.5192307692308
06/13/2022,21.5192307692308
06/20/2022,21.5192307692308
06/27/2022,21.5192307692308
07/04/2022,21.5192307692308
07/11/2022,21.5192307692308
07/18/2022,21.5192307692308
07/25/2022,21.5192307692308
08/01/2022,21.5192307692308
08/08/2022,21.5192307692308
08/15/2022,21.5192307692308
08/22/2022,21.5192307692308
08/29/2022,21.5192307692308
09/05/2022,21.5192307692308
09/12/2022,21.5192307692308
09/19/2022,21.5192307692308
09/26/2022,21.5192307692308
10/03/2022,21.5192307692308
10/10/2022,21.5192307692308
10/17/2022,21.5192307692308
10/24/2022,21.5192307692308
10/31/2022,21.5192307692308
11/07/2022,21.5192307692308
11/14/2022,21.5192307692308
11/21/2022,21.5192307692308
11/28/2022,21.5192307692308
12/05/2022,21.5192307692308
12/12/2022,21.5192307692308
12/19/2022,21.5192307692308
12/26/2022,21.5192307692308