date,fuel_consumption,petroleum_imports_crudeOil,Taxes_on_Customs_and_Other_Import Duties ,Foreign Direct Investments,GDP Goods and Services,New Vehicle Registrations,Vehicle Sales,Vehicle Sales Asia,No.of Vessels Colombo,Imports of Refined Products,Tax income profits_gains,Tax Goods & Services,Tax Road Transport,GDP FCE Households,Diesel User Price,Petrol User Price,Consumption_Oil,Sales 90 Octane,Sales 95 Octane,Sales Auto Diesel
12/28/2009,0.838,18.71153846,12.85438004,0.017547624,,5251,96.15384615,38.46153846,70.8,23.11538462,2683.807692,0.124079398,0.234230769,,0.0425,0.078846154,1.748348594,9.961538462,0.423076923,38.17307692
1/4/2010,0.829,20.46153846,8.85316455,0.016866666,32132.09528,4772.5,57.69230769,19.23076923,83.75,37.78846154,2608.125,0.127586324,0.828076923,84537.95313,0.040769231,0.069423077,1.760117086,11.01923077,0.423076923,39.05660377
1/11/2010,0.829,20.46153846,8.85316455,0.016866666,32132.09528,4772.5,57.69230769,19.23076923,83.75,37.78846154,2608.125,0.127586324,0.828076923,84537.95313,0.040769231,0.069423077,1.760117086,11.01923077,0.423076923,39.05660377
1/18/2010,0.829,20.46153846,8.85316455,0.016866666,32132.09528,4772.5,57.69230769,19.23076923,83.75,37.78846154,2608.125,0.127586324,0.828076923,84537.95313,0.040769231,0.069423077,1.760117086,11.01923077,0.423076923,39.05660377
1/25/2010,0.829,20.46153846,8.85316455,0.016866666,32132.09528,4772.5,57.69230769,19.23076923,83.75,37.78846154,2608.125,0.127586324,0.828076923,84537.95313,0.040769231,0.069423077,1.760117086,11.01923077,0.423076923,39.05660377
2/1/2010,0.829,20.46153846,8.85316455,0.016866666,32132.09528,6165.5,57.69230769,19.23076923,71,37.78846154,2608.125,0.127586324,0.828076923,84537.95313,0.040769231,0.069423077,1.760117086,11.01923077,0.423076923,39.05660377
2/8/2010,0.829,20.46153846,8.85316455,0.016866666,32132.09528,6165.5,57.69230769,19.23076923,71,37.78846154,2608.125,0.127586324,0.828076923,84537.95313,0.040769231,0.069423077,1.760117086,11.01923077,0.423076923,39.05660377
2/15/2010,0.829,20.46153846,8.85316455,0.016866666,32132.09528,6165.5,57.69230769,19.23076923,71,37.78846154,2608.125,0.127586324,0.828076923,84537.95313,0.040769231,0.069423077,1.760117086,11.01923077,0.423076923,39.05660377
2/22/2010,0.829,20.46153846,8.85316455,0.016866666,32132.09528,6165.5,57.69230769,19.23076923,71,37.78846154,2608.125,0.127586324,0.828076923,84537.95313,0.040769231,0.069423077,1.760117086,11.01923077,0.423076923,39.05660377
3/1/2010,0.829,20.46153846,8.85316455,0.016866666,32132.09528,5925.8,57.69230769,19.23076923,71,37.78846154,2608.125,0.127586324,0.828076923,84537.95313,0.040769231,0.069423077,1.760117086,11.01923077,0.423076923,39.05660377
3/8/2010,0.829,20.46153846,8.85316455,0.016866666,32132.09528,5925.8,57.69230769,19.23076923,80.5,37.78846154,2608.125,0.127586324,0.828076923,84537.95313,0.040769231,0.069423077,1.760117086,11.01923077,0.423076923,39.05660377
3/15/2010,0.829,20.46153846,8.85316455,0.016866666,32132.09528,5925.8,57.69230769,19.23076923,80.5,37.78846154,2608.125,0.127586324,0.828076923,84537.95313,0.040769231,0.069423077,1.760117086,11.01923077,0.423076923,39.05660377
3/22/2010,0.829,20.46153846,8.85316455,0.016866666,32132.09528,5925.8,57.69230769,19.23076923,80.5,37.78846154,2608.125,0.127586324,0.828076923,84537.95313,0.040769231,0.069423077,1.760117086,11.01923077,0.423076923,39.05660377
3/29/2010,0.829,20.46153846,8.85316455,0.016866666,32132.09528,5925.8,57.69230769,19.23076923,80.5,37.78846154,2608.125,0.127586324,0.828076923,84537.95313,0.040769231,0.069423077,1.760117086,11.01923077,0.423076923,39.05660377
4/5/2010,0.829,20.46153846,8.85316455,0.016866666,31635.44237,5637,57.69230769,19.23076923,94.5,37.78846154,2608.125,0.127586324,0.828076923,81078.58748,0.040769231,0.069423077,1.760117086,11.01923077,0.423076923,39.05660377
4/12/2010,0.829,20.46153846,8.85316455,0.016866666,31635.44237,5637,57.69230769,19.23076923,94.5,37.78846154,2608.125,0.127586324,0.828076923,81078.58748,0.040769231,0.069423077,1.760117086,11.01923077,0.423076923,39.05660377
4/19/2010,0.829,20.46153846,8.85316455,0.016866666,31635.44237,5637,57.69230769,19.23076923,94.5,37.78846154,2608.125,0.127586324,0.828076923,81078.58748,0.040769231,0.069423077,1.760117086,11.01923077,0.423076923,39.05660377
4/26/2010,0.829,20.46153846,8.85316455,0.016866666,31635.44237,5637,57.69230769,19.23076923,94.5,37.78846154,2608.125,0.127586324,0.828076923,81078.58748,0.040769231,0.069423077,1.760117086,11.01923077,0.423076923,39.05660377
5/3/2010,0.829,20.46153846,8.85316455,0.016866666,31635.44237,5068,57.69230769,19.23076923,94.5,37.78846154,2608.125,0.127586324,0.828076923,81078.58748,0.040769231,0.069423077,1.760117086,11.01923077,0.423076923,39.05660377
5/10/2010,0.829,20.46153846,8.85316455,0.016866666,31635.44237,5068,57.69230769,19.23076923,94.5,37.78846154,2608.125,0.127586324,0.828076923,81078.58748,0.040769231,0.069423077,1.760117086,11.01923077,0.423076923,39.05660377
5/17/2010,0.829,20.46153846,8.85316455,0.016866666,31635.44237,5068,57.69230769,19.23076923,94.5,37.78846154,2608.125,0.127586324,0.828076923,81078.58748,0.040769231,0.069423077,1.760117086,11.01923077,0.423076923,39.05660377
5/24/2010,0.829,20.46153846,8.85316455,0.016866666,31635.44237,5068,57.69230769,19.23076923,94.5,37.78846154,2608.125,0.127586324,0.828076923,81078.58748,0.040769231,0.069423077,1.760117086,11.01923077,0.423076923,39.05660377
5/31/2010,0.829,20.46153846,8.85316455,0.016866666,31635.44237,5068,57.69230769,19.23076923,72.2,37.78846154,2608.125,0.127586324,0.828076923,81078.58748,0.040769231,0.069423077,1.760117086,11.01923077,0.423076923,39.05660377
6/7/2010,0.829,20.46153846,8.85316455,0.016866666,31635.44237,7726.25,57.69230769,19.23076923,72.2,37.78846154,2608.125,0.127586324,0.828076923,81078.58748,0.040769231,0.069423077,1.760117086,11.01923077,0.423076923,39.05660377
6/14/2010,0.829,20.46153846,8.85316455,0.016866666,31635.44237,7726.25,57.69230769,19.23076923,72.2,37.78846154,2608.125,0.127586324,0.828076923,81078.58748,0.040769231,0.069423077,1.760117086,11.01923077,0.423076923,39.05660377
6/21/2010,0.829,20.46153846,8.85316455,0.016866666,31635.44237,7726.25,57.69230769,19.23076923,72.2,37.78846154,2608.125,0.127586324,0.828076923,81078.58748,0.040769231,0.069423077,1.760117086,11.01923077,0.423076923,39.05660377
6/28/2010,0.829,20.46153846,8.85316455,0.016866666,31635.44237,7726.25,57.69230769,19.23076923,72.2,37.78846154,2608.125,0.127586324,0.828076923,81078.58748,0.040769231,0.069423077,1.760117086,11.01923077,0.423076923,39.05660377
7/5/2010,0.829,20.46153846,8.85316455,0.016866666,31879.71344,8355.25,57.69230769,19.23076923,88.5,37.78846154,2608.125,0.127586324,0.828076923,87418.95325,0.040769231,0.069423077,1.760117086,11.01923077,0.423076923,39.05660377
7/12/2010,0.829,20.46153846,8.85316455,0.016866666,31879.71344,8355.25,57.69230769,19.23076923,88.5,37.78846154,2608.125,0.127586324,0.828076923,87418.95325,0.040769231,0.069423077,1.760117086,11.01923077,0.423076923,39.05660377
7/19/2010,0.829,20.46153846,8.85316455,0.016866666,31879.71344,8355.25,57.69230769,19.23076923,88.5,37.78846154,2608.125,0.127586324,0.828076923,87418.95325,0.040769231,0.069423077,1.760117086,11.01923077,0.423076923,39.05660377
7/26/2010,0.829,20.46153846,8.85316455,0.016866666,31879.71344,8355.25,57.69230769,19.23076923,88.5,37.78846154,2608.125,0.127586324,0.828076923,87418.95325,0.040769231,0.069423077,1.760117086,11.01923077,0.423076923,39.05660377
8/2/2010,0.829,20.46153846,8.85316455,0.016866666,31879.71344,6910.8,57.69230769,19.23076923,90,37.78846154,2608.125,0.127586324,0.828076923,87418.95325,0.040769231,0.069423077,1.760117086,11.01923077,0.423076923,39.05660377
8/9/2010,0.829,20.46153846,8.85316455,0.016866666,31879.71344,6910.8,57.69230769,19.23076923,90,37.78846154,2608.125,0.127586324,0.828076923,87418.95325,0.040769231,0.069423077,1.760117086,11.01923077,0.423076923,39.05660377
8/16/2010,0.829,20.46153846,8.85316455,0.016866666,31879.71344,6910.8,57.69230769,19.23076923,90,37.78846154,2608.125,0.127586324,0.828076923,87418.95325,0.040769231,0.069423077,1.760117086,11.01923077,0.423076923,39.05660377
8/23/2010,0.829,20.46153846,8.85316455,0.016866666,31879.71344,6910.8,57.69230769,19.23076923,90,37.78846154,2608.125,0.127586324,0.828076923,87418.95325,0.040769231,0.069423077,1.760117086,11.01923077,0.423076923,39.05660377
8/30/2010,0.829,20.46153846,8.85316455,0.016866666,31879.71344,6910.8,57.69230769,19.23076923,77.6,37.78846154,2608.125,0.127586324,0.828076923,87418.95325,0.040769231,0.069423077,1.760117086,11.01923077,0.423076923,39.05660377
9/6/2010,0.829,20.46153846,8.85316455,0.016866666,31879.71344,7664.75,57.69230769,19.23076923,77.6,37.78846154,2608.125,0.127586324,0.828076923,87418.95325,0.040769231,0.069423077,1.760117086,11.01923077,0.423076923,39.05660377
9/13/2010,0.829,20.46153846,8.85316455,0.016866666,31879.71344,7664.75,57.69230769,19.23076923,77.6,37.78846154,2608.125,0.127586324,0.828076923,87418.95325,0.040769231,0.069423077,1.760117086,11.01923077,0.423076923,39.05660377
9/20/2010,0.829,20.46153846,8.85316455,0.016866666,31879.71344,7664.75,57.69230769,19.23076923,77.6,37.78846154,2608.125,0.127586324,0.828076923,87418.95325,0.040769231,0.069423077,1.760117086,11.01923077,0.423076923,39.05660377
9/27/2010,0.829,20.46153846,8.85316455,0.016866666,31879.71344,7664.75,57.69230769,19.23076923,77.6,37.78846154,2608.125,0.127586324,0.828076923,87418.95325,0.040769231,0.069423077,1.760117086,11.01923077,0.423076923,39.05660377
10/4/2010,0.829,20.46153846,8.85316455,0.016866666,36630.06402,8545.75,57.69230769,19.23076923,90,37.78846154,2608.125,0.127586324,0.828076923,84034.47424,0.040769231,0.069423077,1.760117086,11.01923077,0.423076923,39.05660377
10/11/2010,0.829,20.46153846,8.85316455,0.016866666,36630.06402,8545.75,57.69230769,19.23076923,90,37.78846154,2608.125,0.127586324,0.828076923,84034.47424,0.040769231,0.069423077,1.760117086,11.01923077,0.423076923,39.05660377
10/18/2010,0.829,20.46153846,8.85316455,0.016866666,36630.06402,8545.75,57.69230769,19.23076923,90,37.78846154,2608.125,0.127586324,0.828076923,84034.47424,0.040769231,0.069423077,1.760117086,11.01923077,0.423076923,39.05660377
10/25/2010,0.829,20.46153846,8.85316455,0.016866666,36630.06402,8545.75,57.69230769,19.23076923,90,37.78846154,2608.125,0.127586324,0.828076923,84034.47424,0.040769231,0.069423077,1.760117086,11.01923077,0.423076923,39.05660377
11/1/2010,0.829,20.46153846,8.85316455,0.016866666,36630.06402,7399.6,57.69230769,19.23076923,73.2,37.78846154,2608.125,0.127586324,0.828076923,84034.47424,0.040769231,0.069423077,1.760117086,11.01923077,0.423076923,39.05660377
11/8/2010,0.829,20.46153846,8.85316455,0.016866666,36630.06402,7399.6,57.69230769,19.23076923,73.2,37.78846154,2608.125,0.127586324,0.828076923,84034.47424,0.040769231,0.069423077,1.760117086,11.01923077,0.423076923,39.05660377
11/15/2010,0.829,20.46153846,8.85316455,0.016866666,36630.06402,7399.6,57.69230769,19.23076923,73.2,37.78846154,2608.125,0.127586324,0.828076923,84034.47424,0.040769231,0.069423077,1.760117086,11.01923077,0.423076923,39.05660377
11/22/2010,0.829,20.46153846,8.85316455,0.016866666,36630.06402,7399.6,57.69230769,19.23076923,73.2,37.78846154,2608.125,0.127586324,0.828076923,84034.47424,0.040769231,0.069423077,1.760117086,11.01923077,0.423076923,39.05660377
11/29/2010,0.829,20.46153846,8.85316455,0.016866666,36630.06402,7399.6,57.69230769,19.23076923,73.2,37.78846154,2608.125,0.127586324,0.828076923,84034.47424,0.040769231,0.069423077,1.760117086,11.01923077,0.423076923,39.05660377
12/6/2010,0.829,20.46153846,8.85316455,0.016866666,36630.06402,9313.5,57.69230769,19.23076923,84.25,37.78846154,2608.125,0.127586324,0.828076923,84034.47424,0.040769231,0.069423077,1.760117086,11.01923077,0.423076923,39.05660377
12/13/2010,0.829,20.46153846,8.85316455,0.016866666,36630.06402,9313.5,57.69230769,19.23076923,84.25,37.78846154,2608.125,0.127586324,0.828076923,84034.47424,0.040769231,0.069423077,1.760117086,11.01923077,0.423076923,39.05660377
12/20/2010,0.829,20.46153846,8.85316455,0.016866666,36630.06402,9313.5,57.69230769,19.23076923,84.25,37.78846154,2608.125,0.127586324,0.828076923,84034.47424,0.040769231,0.069423077,1.760117086,11.01923077,0.423076923,39.05660377
12/27/2010,0.829,20.46153846,8.85316455,0.016866666,36630.06402,9313.5,57.69230769,19.23076923,84.25,37.78846154,2608.125,0.127586324,0.828076923,84034.47424,0.040769231,0.069423077,1.760117086,11.01923077,0.423076923,39.05660377
1/3/2011,0.939,31.78846154,9.34934427,0.029093647,42460.93312,7908.8,153.8461538,19.23076923,92.25,58.32692308,3025.173077,0.126947578,1.464038462,96712.7897,0.040192308,0.070192308,1.95509522,13,0.673076923,39.05660377
1/10/2011,0.939,31.78846154,9.34934427,0.029093647,42460.93312,7908.8,153.8461538,19.23076923,92.25,58.32692308,3025.173077,0.126947578,1.464038462,96712.7897,0.040192308,0.070192308,1.95509522,13,0.673076923,33.19230769
1/17/2011,0.939,31.78846154,9.34934427,0.029093647,42460.93312,7908.8,153.8461538,19.23076923,92.25,58.32692308,3025.173077,0.126947578,1.464038462,96712.7897,0.040192308,0.070192308,1.95509522,13,0.673076923,33.19230769
1/24/2011,0.939,31.78846154,9.34934427,0.029093647,42460.93312,7908.8,153.8461538,19.23076923,92.25,58.32692308,3025.173077,0.126947578,1.464038462,96712.7897,0.040192308,0.070192308,1.95509522,13,0.673076923,33.19230769
1/31/2011,0.939,31.78846154,9.34934427,0.029093647,42460.93312,7908.8,153.8461538,19.23076923,70.2,58.32692308,3025.173077,0.126947578,1.464038462,96712.7897,0.040192308,0.070192308,1.95509522,13,0.673076923,33.19230769
2/7/2011,0.939,31.78846154,9.34934427,0.029093647,42460.93312,8916.5,153.8461538,19.23076923,70.2,58.32692308,3025.173077,0.126947578,1.464038462,96712.7897,0.040192308,0.070192308,1.95509522,13,0.673076923,33.19230769
2/14/2011,0.939,31.78846154,9.34934427,0.029093647,42460.93312,8916.5,153.8461538,19.23076923,70.2,58.32692308,3025.173077,0.126947578,1.464038462,96712.7897,0.040192308,0.070192308,1.95509522,13,0.673076923,33.19230769
2/21/2011,0.939,31.78846154,9.34934427,0.029093647,42460.93312,8916.5,153.8461538,19.23076923,70.2,58.32692308,3025.173077,0.126947578,1.464038462,96712.7897,0.040192308,0.070192308,1.95509522,13,0.673076923,33.19230769
2/28/2011,0.939,31.78846154,9.34934427,0.029093647,42460.93312,8916.5,153.8461538,19.23076923,70.2,58.32692308,3025.173077,0.126947578,1.464038462,96712.7897,0.040192308,0.070192308,1.95509522,13,0.673076923,33.19230769
3/7/2011,0.939,31.78846154,9.34934427,0.029093647,42460.93312,11486.25,153.8461538,19.23076923,82.25,58.32692308,3025.173077,0.126947578,1.464038462,96712.7897,0.040192308,0.070192308,1.95509522,13,0.673076923,33.19230769
3/14/2011,0.939,31.78846154,9.34934427,0.029093647,42460.93312,11486.25,153.8461538,19.23076923,82.25,58.32692308,3025.173077,0.126947578,1.464038462,96712.7897,0.040192308,0.070192308,1.95509522,13,0.673076923,33.19230769
3/21/2011,0.939,31.78846154,9.34934427,0.029093647,42460.93312,11486.25,153.8461538,19.23076923,82.25,58.32692308,3025.173077,0.126947578,1.464038462,96712.7897,0.040192308,0.070192308,1.95509522,13,0.673076923,33.19230769
3/28/2011,0.939,31.78846154,9.34934427,0.029093647,42460.93312,11486.25,153.8461538,19.23076923,82.25,58.32692308,3025.173077,0.126947578,1.464038462,96712.7897,0.040192308,0.070192308,1.95509522,13,0.673076923,33.19230769
4/4/2011,0.939,31.78846154,9.34934427,0.029093647,44909.05773,9349.5,153.8461538,19.23076923,91.75,58.32692308,3025.173077,0.126947578,1.464038462,94450.26722,0.040192308,0.070192308,1.95509522,13,0.673076923,33.19230769
4/11/2011,0.939,31.78846154,9.34934427,0.029093647,44909.05773,9349.5,153.8461538,19.23076923,91.75,58.32692308,3025.173077,0.126947578,1.464038462,94450.26722,0.040192308,0.070192308,1.95509522,13,0.673076923,33.19230769
4/18/2011,0.939,31.78846154,9.34934427,0.029093647,44909.05773,9349.5,153.8461538,19.23076923,91.75,58.32692308,3025.173077,0.126947578,1.464038462,94450.26722,0.040192308,0.070192308,1.95509522,13,0.673076923,33.19230769
4/25/2011,0.939,31.78846154,9.34934427,0.029093647,44909.05773,9349.5,153.8461538,19.23076923,91.75,58.32692308,3025.173077,0.126947578,1.464038462,94450.26722,0.040192308,0.070192308,1.95509522,13,0.673076923,33.19230769
5/2/2011,0.939,31.78846154,9.34934427,0.029093647,44909.05773,8372.4,153.8461538,19.23076923,65.4,58.32692308,3025.173077,0.126947578,1.464038462,94450.26722,0.040192308,0.070192308,1.95509522,13,0.673076923,33.19230769
5/9/2011,0.939,31.78846154,9.34934427,0.029093647,44909.05773,8372.4,153.8461538,19.23076923,65.4,58.32692308,3025.173077,0.126947578,1.464038462,94450.26722,0.040192308,0.070192308,1.95509522,13,0.673076923,33.19230769
5/16/2011,0.939,31.78846154,9.34934427,0.029093647,44909.05773,8372.4,153.8461538,19.23076923,65.4,58.32692308,3025.173077,0.126947578,1.464038462,94450.26722,0.040192308,0.070192308,1.95509522,13,0.673076923,33.19230769
5/23/2011,0.939,31.78846154,9.34934427,0.029093647,44909.05773,8372.4,153.8461538,19.23076923,65.4,58.32692308,3025.173077,0.126947578,1.464038462,94450.26722,0.040192308,0.070192308,1.95509522,13,0.673076923,33.19230769
5/30/2011,0.939,31.78846154,9.34934427,0.029093647,44909.05773,8372.4,153.8461538,19.23076923,65.4,58.32692308,3025.173077,0.126947578,1.464038462,94450.26722,0.040192308,0.070192308,1.95509522,13,0.673076923,33.19230769
6/6/2011,0.939,31.78846154,9.34934427,0.029093647,44909.05773,12039.25,153.8461538,19.23076923,85.5,58.32692308,3025.173077,0.126947578,1.464038462,94450.26722,0.040192308,0.070192308,1.95509522,13,0.673076923,33.19230769
6/13/2011,0.939,31.78846154,9.34934427,0.029093647,44909.05773,12039.25,153.8461538,19.23076923,85.5,58.32692308,3025.173077,0.126947578,1.464038462,94450.26722,0.040192308,0.070192308,1.95509522,13,0.673076923,33.19230769
6/20/2011,0.939,31.78846154,9.34934427,0.029093647,44909.05773,12039.25,153.8461538,19.23076923,85.5,58.32692308,3025.173077,0.126947578,1.464038462,94450.26722,0.040192308,0.070192308,1.95509522,13,0.673076923,33.19230769
6/27/2011,0.939,31.78846154,9.34934427,0.029093647,44909.05773,12039.25,153.8461538,19.23076923,85.5,58.32692308,3025.173077,0.126947578,1.464038462,94450.26722,0.040192308,0.070192308,1.95509522,13,0.673076923,33.19230769
7/4/2011,0.939,31.78846154,9.34934427,0.029093647,49643.26005,10931.25,153.8461538,19.23076923,89.75,58.32692308,3025.173077,0.126947578,1.464038462,103970.265,0.040192308,0.070192308,1.95509522,13,0.673076923,33.19230769
7/11/2011,0.939,31.78846154,9.34934427,0.029093647,49643.26005,10931.25,153.8461538,19.23076923,89.75,58.32692308,3025.173077,0.126947578,1.464038462,103970.265,0.040192308,0.070192308,1.95509522,13,0.673076923,33.19230769
7/18/2011,0.939,31.78846154,9.34934427,0.029093647,49643.26005,10931.25,153.8461538,19.23076923,89.75,58.32692308,3025.173077,0.126947578,1.464038462,103970.265,0.040192308,0.070192308,1.95509522,13,0.673076923,33.19230769
7/25/2011,0.939,31.78846154,9.34934427,0.029093647,49643.26005,10931.25,153.8461538,19.23076923,89.75,58.32692308,3025.173077,0.126947578,1.464038462,103970.265,0.040192308,0.070192308,1.95509522,13,0.673076923,33.19230769
8/1/2011,0.939,31.78846154,9.34934427,0.029093647,49643.26005,9055.8,153.8461538,19.23076923,73.4,58.32692308,3025.173077,0.126947578,1.464038462,103970.265,0.040192308,0.070192308,1.95509522,13,0.673076923,33.19230769
8/8/2011,0.939,31.78846154,9.34934427,0.029093647,49643.26005,9055.8,153.8461538,19.23076923,73.4,58.32692308,3025.173077,0.126947578,1.464038462,103970.265,0.040192308,0.070192308,1.95509522,13,0.673076923,33.19230769
8/15/2011,0.939,31.78846154,9.34934427,0.029093647,49643.26005,9055.8,153.8461538,19.23076923,73.4,58.32692308,3025.173077,0.126947578,1.464038462,103970.265,0.040192308,0.070192308,1.95509522,13,0.673076923,33.19230769
8/22/2011,0.939,31.78846154,9.34934427,0.029093647,49643.26005,9055.8,153.8461538,19.23076923,73.4,58.32692308,3025.173077,0.126947578,1.464038462,103970.265,0.040192308,0.070192308,1.95509522,13,0.673076923,33.19230769
8/29/2011,0.939,31.78846154,9.34934427,0.029093647,49643.26005,9055.8,153.8461538,19.23076923,73.4,58.32692308,3025.173077,0.126947578,1.464038462,103970.265,0.040192308,0.070192308,1.95509522,13,0.673076923,33.19230769
9/5/2011,0.939,31.78846154,9.34934427,0.029093647,49643.26005,11976.5,153.8461538,19.23076923,87.5,58.32692308,3025.173077,0.126947578,1.464038462,103970.265,0.040192308,0.070192308,1.95509522,13,0.673076923,33.19230769
9/12/2011,0.939,31.78846154,9.34934427,0.029093647,49643.26005,11976.5,153.8461538,19.23076923,87.5,58.32692308,3025.173077,0.126947578,1.464038462,103970.265,0.040192308,0.070192308,1.95509522,13,0.673076923,33.19230769
9/19/2011,0.939,31.78846154,9.34934427,0.029093647,49643.26005,11976.5,153.8461538,19.23076923,87.5,58.32692308,3025.173077,0.126947578,1.464038462,103970.265,0.040192308,0.070192308,1.95509522,13,0.673076923,33.19230769
9/26/2011,0.939,31.78846154,9.34934427,0.029093647,49643.26005,11976.5,153.8461538,19.23076923,87.5,58.32692308,3025.173077,0.126947578,1.464038462,103970.265,0.040192308,0.070192308,1.95509522,13,0.673076923,33.19230769
10/3/2011,0.939,31.78846154,9.34934427,0.029093647,52281.35543,8978.2,153.8461538,19.23076923,83.75,58.32692308,3025.173077,0.126947578,1.464038462,99877.98209,0.040192308,0.070192308,1.95509522,13,0.673076923,33.19230769
10/10/2011,0.939,31.78846154,9.34934427,0.029093647,52281.35543,8978.2,153.8461538,19.23076923,83.75,58.32692308,3025.173077,0.126947578,1.464038462,99877.98209,0.040192308,0.070192308,1.95509522,13,0.673076923,33.19230769
10/17/2011,0.939,31.78846154,9.34934427,0.029093647,52281.35543,8978.2,153.8461538,19.23076923,83.75,58.32692308,3025.173077,0.126947578,1.464038462,99877.98209,0.040192308,0.070192308,1.95509522,13,0.673076923,33.19230769
10/24/2011,0.939,31.78846154,9.34934427,0.029093647,52281.35543,8978.2,153.8461538,19.23076923,83.75,58.32692308,3025.173077,0.126947578,1.464038462,99877.98209,0.040192308,0.070192308,1.95509522,13,0.673076923,33.19230769
10/31/2011,0.939,31.78846154,9.34934427,0.029093647,52281.35543,8978.2,153.8461538,19.23076923,68.6,58.32692308,3025.173077,0.126947578,1.464038462,99877.98209,0.040192308,0.070192308,1.95509522,13,0.673076923,33.19230769
11/7/2011,0.939,31.78846154,9.34934427,0.029093647,52281.35543,12321,153.8461538,19.23076923,68.6,58.32692308,3025.173077,0.126947578,1.464038462,99877.98209,0.040192308,0.070192308,1.95509522,13,0.673076923,33.19230769
11/14/2011,0.939,31.78846154,9.34934427,0.029093647,52281.35543,12321,153.8461538,19.23076923,68.6,58.32692308,3025.173077,0.126947578,1.464038462,99877.98209,0.040192308,0.070192308,1.95509522,13,0.673076923,33.19230769
11/21/2011,0.939,31.78846154,9.34934427,0.029093647,52281.35543,12321,153.8461538,19.23076923,68.6,58.32692308,3025.173077,0.126947578,1.464038462,99877.98209,0.040192308,0.070192308,1.95509522,13,0.673076923,33.19230769
11/28/2011,0.939,31.78846154,9.34934427,0.029093647,52281.35543,12321,153.8461538,19.23076923,68.6,58.32692308,3025.173077,0.126947578,1.464038462,99877.98209,0.040192308,0.070192308,1.95509522,13,0.673076923,33.19230769
12/5/2011,0.939,31.78846154,9.34934427,0.029093647,52281.35543,11441,153.8461538,19.23076923,81.25,58.32692308,3025.173077,0.126947578,1.464038462,99877.98209,0.040192308,0.070192308,1.95509522,13,0.673076923,33.19230769
12/12/2011,0.939,31.78846154,9.34934427,0.029093647,52281.35543,11441,153.8461538,19.23076923,81.25,58.32692308,3025.173077,0.126947578,1.464038462,99877.98209,0.040192308,0.070192308,1.95509522,13,0.673076923,33.19230769
12/19/2011,0.939,31.78846154,9.34934427,0.029093647,52281.35543,11441,153.8461538,19.23076923,81.25,58.32692308,3025.173077,0.126947578,1.464038462,99877.98209,0.040192308,0.070192308,1.95509522,13,0.673076923,33.19230769
12/26/2011,0.939,31.78846154,9.34934427,0.029093647,52281.35543,11441,153.8461538,19.23076923,81.25,58.32692308,3025.173077,0.126947578,1.464038462,99877.98209,0.040192308,0.070192308,1.95509522,13,0.673076923,33.19230769
1/2/2012,0.893,23.54716981,23.83863767,0.025175415,54582.74654,9684.2,179.245283,28.30188679,67.8,69.32075472,3256.45283,0.121316319,1.384716981,108806.0595,0.053396226,0.07509434,2.05094831,13.69811321,0.754716981,33.19230769
1/9/2012,0.893,23.54716981,23.83863767,0.025175415,54582.74654,9684.2,179.245283,28.30188679,67.8,69.32075472,3256.45283,0.121316319,1.384716981,108806.0595,0.053396226,0.07509434,2.05094831,13.69811321,0.754716981,37.92307692
1/16/2012,0.893,23.54716981,23.83863767,0.025175415,54582.74654,9684.2,179.245283,28.30188679,67.8,69.32075472,3256.45283,0.121316319,1.384716981,108806.0595,0.053396226,0.07509434,2.05094831,13.69811321,0.754716981,37.92307692
1/23/2012,0.893,23.54716981,23.83863767,0.025175415,54582.74654,9684.2,179.245283,28.30188679,67.8,69.32075472,3256.45283,0.121316319,1.384716981,108806.0595,0.053396226,0.07509434,2.05094831,13.69811321,0.754716981,37.92307692
1/30/2012,0.893,23.54716981,23.83863767,0.025175415,54582.74654,9684.2,179.245283,28.30188679,67.8,69.32075472,3256.45283,0.121316319,1.384716981,108806.0595,0.053396226,0.07509434,2.05094831,13.69811321,0.754716981,37.92307692
2/6/2012,0.893,23.54716981,23.83863767,0.025175415,54582.74654,10697.75,179.245283,28.30188679,81.75,69.32075472,3256.45283,0.121316319,1.384716981,108806.0595,0.053396226,0.07509434,2.05094831,13.69811321,0.754716981,37.92307692
2/13/2012,0.893,23.54716981,23.83863767,0.025175415,54582.74654,10697.75,179.245283,28.30188679,81.75,69.32075472,3256.45283,0.121316319,1.384716981,108806.0595,0.053396226,0.07509434,2.05094831,13.69811321,0.754716981,37.92307692
2/20/2012,0.893,23.54716981,23.83863767,0.025175415,54582.74654,10697.75,179.245283,28.30188679,81.75,69.32075472,3256.45283,0.121316319,1.384716981,108806.0595,0.053396226,0.07509434,2.05094831,13.69811321,0.754716981,37.92307692
2/27/2012,0.893,23.54716981,23.83863767,0.025175415,54582.74654,10697.75,179.245283,28.30188679,81.75,69.32075472,3256.45283,0.121316319,1.384716981,108806.0595,0.053396226,0.07509434,2.05094831,13.69811321,0.754716981,37.92307692
3/5/2012,0.893,23.54716981,23.83863767,0.025175415,54582.74654,12040.25,179.245283,28.30188679,75.5,69.32075472,3256.45283,0.121316319,1.384716981,108806.0595,0.053396226,0.07509434,2.05094831,13.69811321,0.754716981,37.92307692
3/12/2012,0.893,23.54716981,23.83863767,0.025175415,54582.74654,12040.25,179.245283,28.30188679,75.5,69.32075472,3256.45283,0.121316319,1.384716981,108806.0595,0.053396226,0.07509434,2.05094831,13.69811321,0.754716981,37.92307692
3/19/2012,0.893,23.54716981,23.83863767,0.025175415,54582.74654,12040.25,179.245283,28.30188679,75.5,69.32075472,3256.45283,0.121316319,1.384716981,108806.0595,0.053396226,0.07509434,2.05094831,13.69811321,0.754716981,37.92307692
3/26/2012,0.893,23.54716981,23.83863767,0.025175415,54582.74654,12040.25,179.245283,28.30188679,75.5,69.32075472,3256.45283,0.121316319,1.384716981,108806.0595,0.053396226,0.07509434,2.05094831,13.69811321,0.754716981,37.92307692
4/2/2012,0.893,23.54716981,23.83863767,0.025175415,50509.76187,7865.6,179.245283,28.30188679,85.5,69.32075472,3256.45283,0.121316319,1.384716981,104895.8116,0.053396226,0.07509434,2.05094831,13.69811321,0.754716981,37.92307692
4/9/2012,0.893,23.54716981,23.83863767,0.025175415,50509.76187,7865.6,179.245283,28.30188679,85.5,69.32075472,3256.45283,0.121316319,1.384716981,104895.8116,0.053396226,0.07509434,2.05094831,13.69811321,0.754716981,37.92307692
4/16/2012,0.893,23.54716981,23.83863767,0.025175415,50509.76187,7865.6,179.245283,28.30188679,85.5,69.32075472,3256.45283,0.121316319,1.384716981,104895.8116,0.053396226,0.07509434,2.05094831,13.69811321,0.754716981,37.92307692
4/23/2012,0.893,23.54716981,23.83863767,0.025175415,50509.76187,7865.6,179.245283,28.30188679,85.5,69.32075472,3256.45283,0.121316319,1.384716981,104895.8116,0.053396226,0.07509434,2.05094831,13.69811321,0.754716981,37.92307692
4/30/2012,0.893,23.54716981,23.83863767,0.025175415,50509.76187,7865.6,179.245283,28.30188679,64.6,69.32075472,3256.45283,0.121316319,1.384716981,104895.8116,0.053396226,0.07509434,2.05094831,13.69811321,0.754716981,37.92307692
5/7/2012,0.893,23.54716981,23.83863767,0.025175415,50509.76187,7731.25,179.245283,28.30188679,64.6,69.32075472,3256.45283,0.121316319,1.384716981,104895.8116,0.053396226,0.07509434,2.05094831,13.69811321,0.754716981,37.92307692
5/14/2012,0.893,23.54716981,23.83863767,0.025175415,50509.76187,7731.25,179.245283,28.30188679,64.6,69.32075472,3256.45283,0.121316319,1.384716981,104895.8116,0.053396226,0.07509434,2.05094831,13.69811321,0.754716981,37.92307692
5/21/2012,0.893,23.54716981,23.83863767,0.025175415,50509.76187,7731.25,179.245283,28.30188679,64.6,69.32075472,3256.45283,0.121316319,1.384716981,104895.8116,0.053396226,0.07509434,2.05094831,13.69811321,0.754716981,37.92307692
5/28/2012,0.893,23.54716981,23.83863767,0.025175415,50509.76187,7731.25,179.245283,28.30188679,64.6,69.32075472,3256.45283,0.121316319,1.384716981,104895.8116,0.053396226,0.07509434,2.05094831,13.69811321,0.754716981,37.92307692
6/4/2012,0.893,23.54716981,23.83863767,0.025175415,50509.76187,6190.5,179.245283,28.30188679,82.75,69.32075472,3256.45283,0.121316319,1.384716981,104895.8116,0.053396226,0.07509434,2.05094831,13.69811321,0.754716981,37.92307692
6/11/2012,0.893,23.54716981,23.83863767,0.025175415,50509.76187,6190.5,179.245283,28.30188679,82.75,69.32075472,3256.45283,0.121316319,1.384716981,104895.8116,0.053396226,0.07509434,2.05094831,13.69811321,0.754716981,37.92307692
6/18/2012,0.893,23.54716981,23.83863767,0.025175415,50509.76187,6190.5,179.245283,28.30188679,82.75,69.32075472,3256.45283,0.121316319,1.384716981,104895.8116,0.053396226,0.07509434,2.05094831,13.69811321,0.754716981,37.92307692
6/25/2012,0.893,23.54716981,23.83863767,0.025175415,50509.76187,6190.5,179.245283,28.30188679,82.75,69.32075472,3256.45283,0.121316319,1.384716981,104895.8116,0.053396226,0.07509434,2.05094831,13.69811321,0.754716981,37.92307692
7/2/2012,0.893,23.54716981,23.83863767,0.025175415,51076.10005,5464.2,179.245283,28.30188679,82.5,69.32075472,3256.45283,0.121316319,1.384716981,115745.0754,0.053396226,0.07509434,2.05094831,13.69811321,0.754716981,37.92307692
7/9/2012,0.893,23.54716981,23.83863767,0.025175415,51076.10005,5464.2,179.245283,28.30188679,82.5,69.32075472,3256.45283,0.121316319,1.384716981,115745.0754,0.053396226,0.07509434,2.05094831,13.69811321,0.754716981,37.92307692
7/16/2012,0.893,23.54716981,23.83863767,0.025175415,51076.10005,5464.2,179.245283,28.30188679,82.5,69.32075472,3256.45283,0.121316319,1.384716981,115745.0754,0.053396226,0.07509434,2.05094831,13.69811321,0.754716981,37.92307692
7/23/2012,0.893,23.54716981,23.83863767,0.025175415,51076.10005,5464.2,179.245283,28.30188679,82.5,69.32075472,3256.45283,0.121316319,1.384716981,115745.0754,0.053396226,0.07509434,2.05094831,13.69811321,0.754716981,37.92307692
7/30/2012,0.893,23.54716981,23.83863767,0.025175415,51076.10005,5464.2,179.245283,28.30188679,68.6,69.32075472,3256.45283,0.121316319,1.384716981,115745.0754,0.053396226,0.07509434,2.05094831,13.69811321,0.754716981,37.92307692
8/6/2012,0.893,23.54716981,23.83863767,0.025175415,51076.10005,6941.5,179.245283,28.30188679,68.6,69.32075472,3256.45283,0.121316319,1.384716981,115745.0754,0.053396226,0.07509434,2.05094831,13.69811321,0.754716981,37.92307692
8/13/2012,0.893,23.54716981,23.83863767,0.025175415,51076.10005,6941.5,179.245283,28.30188679,68.6,69.32075472,3256.45283,0.121316319,1.384716981,115745.0754,0.053396226,0.07509434,2.05094831,13.69811321,0.754716981,37.92307692
8/20/2012,0.893,23.54716981,23.83863767,0.025175415,51076.10005,6941.5,179.245283,28.30188679,68.6,69.32075472,3256.45283,0.121316319,1.384716981,115745.0754,0.053396226,0.07509434,2.05094831,13.69811321,0.754716981,37.92307692
8/27/2012,0.893,23.54716981,23.83863767,0.025175415,51076.10005,6941.5,179.245283,28.30188679,68.6,69.32075472,3256.45283,0.121316319,1.384716981,115745.0754,0.053396226,0.07509434,2.05094831,13.69811321,0.754716981,37.92307692
9/3/2012,0.893,23.54716981,23.83863767,0.025175415,51076.10005,6606.75,179.245283,28.30188679,84.75,69.32075472,3256.45283,0.121316319,1.384716981,115745.0754,0.053396226,0.07509434,2.05094831,13.69811321,0.754716981,37.92307692
9/10/2012,0.893,23.54716981,23.83863767,0.025175415,51076.10005,6606.75,179.245283,28.30188679,84.75,69.32075472,3256.45283,0.121316319,1.384716981,115745.0754,0.053396226,0.07509434,2.05094831,13.69811321,0.754716981,37.92307692
9/17/2012,0.893,23.54716981,23.83863767,0.025175415,51076.10005,6606.75,179.245283,28.30188679,84.75,69.32075472,3256.45283,0.121316319,1.384716981,115745.0754,0.053396226,0.07509434,2.05094831,13.69811321,0.754716981,37.92307692
9/24/2012,0.893,23.54716981,23.83863767,0.025175415,51076.10005,6606.75,179.245283,28.30188679,84.75,69.32075472,3256.45283,0.121316319,1.384716981,115745.0754,0.053396226,0.07509434,2.05094831,13.69811321,0.754716981,37.92307692
10/1/2012,0.893,23.54716981,23.83863767,0.025175415,52562.01433,5594.2,179.245283,28.30188679,66.4,69.32075472,3256.45283,0.121316319,1.384716981,99866.94668,0.053396226,0.07509434,2.05094831,13.69811321,0.754716981,37.92307692
10/8/2012,0.893,23.54716981,23.83863767,0.025175415,52562.01433,5594.2,179.245283,28.30188679,66.4,69.32075472,3256.45283,0.121316319,1.384716981,99866.94668,0.053396226,0.07509434,2.05094831,13.69811321,0.754716981,37.92307692
10/15/2012,0.893,23.54716981,23.83863767,0.025175415,52562.01433,5594.2,179.245283,28.30188679,66.4,69.32075472,3256.45283,0.121316319,1.384716981,99866.94668,0.053396226,0.07509434,2.05094831,13.69811321,0.754716981,37.92307692
10/22/2012,0.893,23.54716981,23.83863767,0.025175415,52562.01433,5594.2,179.245283,28.30188679,66.4,69.32075472,3256.45283,0.121316319,1.384716981,99866.94668,0.053396226,0.07509434,2.05094831,13.69811321,0.754716981,37.92307692
10/29/2012,0.893,23.54716981,23.83863767,0.025175415,52562.01433,5594.2,179.245283,28.30188679,66.4,69.32075472,3256.45283,0.121316319,1.384716981,99866.94668,0.053396226,0.07509434,2.05094831,13.69811321,0.754716981,37.92307692
11/5/2012,0.893,23.54716981,23.83863767,0.025175415,52562.01433,6769.5,179.245283,28.30188679,86.75,69.32075472,3256.45283,0.121316319,1.384716981,99866.94668,0.053396226,0.07509434,2.05094831,13.69811321,0.754716981,37.92307692
11/12/2012,0.893,23.54716981,23.83863767,0.025175415,52562.01433,6769.5,179.245283,28.30188679,86.75,69.32075472,3256.45283,0.121316319,1.384716981,99866.94668,0.053396226,0.07509434,2.05094831,13.69811321,0.754716981,37.92307692
11/19/2012,0.893,23.54716981,23.83863767,0.025175415,52562.01433,6769.5,179.245283,28.30188679,86.75,69.32075472,3256.45283,0.121316319,1.384716981,99866.94668,0.053396226,0.07509434,2.05094831,13.69811321,0.754716981,37.92307692
11/26/2012,0.893,23.54716981,23.83863767,0.025175415,52562.01433,6769.5,179.245283,28.30188679,86.75,69.32075472,3256.45283,0.121316319,1.384716981,99866.94668,0.053396226,0.07509434,2.05094831,13.69811321,0.754716981,37.92307692
12/3/2012,0.893,23.54716981,23.83863767,0.025175415,52562.01433,5268.8,179.245283,28.30188679,85,69.32075472,3256.45283,0.121316319,1.384716981,99866.94668,0.053396226,0.07509434,2.05094831,13.69811321,0.754716981,37.92307692
12/10/2012,0.893,23.54716981,23.83863767,0.025175415,52562.01433,5268.8,179.245283,28.30188679,85,69.32075472,3256.45283,0.121316319,1.384716981,99866.94668,0.053396226,0.07509434,2.05094831,13.69811321,0.754716981,37.92307692
12/17/2012,0.893,23.54716981,23.83863767,0.025175415,52562.01433,5268.8,179.245283,28.30188679,85,69.32075472,3256.45283,0.121316319,1.384716981,99866.94668,0.053396226,0.07509434,2.05094831,13.69811321,0.754716981,37.92307692
12/24/2012,0.893,23.54716981,23.83863767,0.025175415,52562.01433,5268.8,179.245283,28.30188679,85,69.32075472,3256.45283,0.121316319,1.384716981,99866.94668,0.053396226,0.07509434,2.05094831,13.69811321,0.754716981,37.92307692
12/31/2012,0.893,23.54716981,23.83863767,0.025175415,52562.01433,5268.8,179.245283,28.30188679,64,69.32075472,3256.45283,0.121316319,1.384716981,99866.94668,0.053396226,0.07509434,2.05094831,13.69811321,0.754716981,37.92307692
1/7/2013,0.882,27.17307692,19.06918251,0.023286526,56678.98229,7159,230.7692308,38.46153846,64,52.57692308,3955.096154,0.114974576,1.500961538,136416.6758,0.054807692,0.075384615,1.814121616,14.09615385,1.057692308,34.57692308
1/14/2013,0.882,27.17307692,19.06918251,0.023286526,56678.98229,7159,230.7692308,38.46153846,64,52.57692308,3955.096154,0.114974576,1.500961538,136416.6758,0.054807692,0.075384615,1.814121616,14.09615385,1.057692308,34.57692308
1/21/2013,0.882,27.17307692,19.06918251,0.023286526,56678.98229,7159,230.7692308,38.46153846,64,52.57692308,3955.096154,0.114974576,1.500961538,136416.6758,0.054807692,0.075384615,1.814121616,14.09615385,1.057692308,34.57692308
1/28/2013,0.882,27.17307692,19.06918251,0.023286526,56678.98229,7159,230.7692308,38.46153846,64,52.57692308,3955.096154,0.114974576,1.500961538,136416.6758,0.054807692,0.075384615,1.814121616,14.09615385,1.057692308,34.57692308
2/4/2013,0.882,27.17307692,19.06918251,0.023286526,56678.98229,5907.25,230.7692308,38.46153846,81.5,52.57692308,3955.096154,0.114974576,1.500961538,136416.6758,0.054807692,0.075384615,1.814121616,14.09615385,1.057692308,34.57692308
2/11/2013,0.882,27.17307692,19.06918251,0.023286526,56678.98229,5907.25,230.7692308,38.46153846,81.5,52.57692308,3955.096154,0.114974576,1.500961538,136416.6758,0.054807692,0.075384615,1.814121616,14.09615385,1.057692308,34.57692308
2/18/2013,0.882,27.17307692,19.06918251,0.023286526,56678.98229,5907.25,230.7692308,38.46153846,81.5,52.57692308,3955.096154,0.114974576,1.500961538,136416.6758,0.054807692,0.075384615,1.814121616,14.09615385,1.057692308,34.57692308
2/25/2013,0.882,27.17307692,19.06918251,0.023286526,56678.98229,5907.25,230.7692308,38.46153846,81.5,52.57692308,3955.096154,0.114974576,1.500961538,136416.6758,0.054807692,0.075384615,1.814121616,14.09615385,1.057692308,34.57692308
3/4/2013,0.882,27.17307692,19.06918251,0.023286526,56678.98229,6688.25,230.7692308,38.46153846,76,52.57692308,3955.096154,0.114974576,1.500961538,136416.6758,0.054807692,0.075384615,1.814121616,14.09615385,1.057692308,34.57692308
3/11/2013,0.882,27.17307692,19.06918251,0.023286526,56678.98229,6688.25,230.7692308,38.46153846,76,52.57692308,3955.096154,0.114974576,1.500961538,136416.6758,0.054807692,0.075384615,1.814121616,14.09615385,1.057692308,34.57692308
3/18/2013,0.882,27.17307692,19.06918251,0.023286526,56678.98229,6688.25,230.7692308,38.46153846,76,52.57692308,3955.096154,0.114974576,1.500961538,136416.6758,0.054807692,0.075384615,1.814121616,14.09615385,1.057692308,34.57692308
3/25/2013,0.882,27.17307692,19.06918251,0.023286526,56678.98229,6688.25,230.7692308,38.46153846,76,52.57692308,3955.096154,0.114974576,1.500961538,136416.6758,0.054807692,0.075384615,1.814121616,14.09615385,1.057692308,34.57692308
4/1/2013,0.882,27.17307692,19.06918251,0.023286526,53024.28287,5850.6,230.7692308,38.46153846,73,52.57692308,3955.096154,0.114974576,1.500961538,114620.7002,0.054807692,0.075384615,1.814121616,14.09615385,1.057692308,34.57692308
4/8/2013,0.882,27.17307692,19.06918251,0.023286526,53024.28287,5850.6,230.7692308,38.46153846,73,52.57692308,3955.096154,0.114974576,1.500961538,114620.7002,0.054807692,0.075384615,1.814121616,14.09615385,1.057692308,34.57692308
4/15/2013,0.882,27.17307692,19.06918251,0.023286526,53024.28287,5850.6,230.7692308,38.46153846,73,52.57692308,3955.096154,0.114974576,1.500961538,114620.7002,0.054807692,0.075384615,1.814121616,14.09615385,1.057692308,34.57692308
4/22/2013,0.882,27.17307692,19.06918251,0.023286526,53024.28287,5850.6,230.7692308,38.46153846,73,52.57692308,3955.096154,0.114974576,1.500961538,114620.7002,0.054807692,0.075384615,1.814121616,14.09615385,1.057692308,34.57692308
4/29/2013,0.882,27.17307692,19.06918251,0.023286526,53024.28287,5850.6,230.7692308,38.46153846,73,52.57692308,3955.096154,0.114974576,1.500961538,114620.7002,0.054807692,0.075384615,1.814121616,14.09615385,1.057692308,34.57692308
5/6/2013,0.882,27.17307692,19.06918251,0.023286526,53024.28287,6978.75,230.7692308,38.46153846,89,52.57692308,3955.096154,0.114974576,1.500961538,114620.7002,0.054807692,0.075384615,1.814121616,14.09615385,1.057692308,34.57692308
5/13/2013,0.882,27.17307692,19.06918251,0.023286526,53024.28287,6978.75,230.7692308,38.46153846,89,52.57692308,3955.096154,0.114974576,1.500961538,114620.7002,0.054807692,0.075384615,1.814121616,14.09615385,1.057692308,34.57692308
5/20/2013,0.882,27.17307692,19.06918251,0.023286526,53024.28287,6978.75,230.7692308,38.46153846,89,52.57692308,3955.096154,0.114974576,1.500961538,114620.7002,0.054807692,0.075384615,1.814121616,14.09615385,1.057692308,34.57692308
5/27/2013,0.882,27.17307692,19.06918251,0.023286526,53024.28287,6978.75,230.7692308,38.46153846,89,52.57692308,3955.096154,0.114974576,1.500961538,114620.7002,0.054807692,0.075384615,1.814121616,14.09615385,1.057692308,34.57692308
6/3/2013,0.882,27.17307692,19.06918251,0.023286526,53024.28287,6095.5,230.7692308,38.46153846,89,52.57692308,3955.096154,0.114974576,1.500961538,114620.7002,0.054807692,0.075384615,1.814121616,14.09615385,1.057692308,34.57692308
6/10/2013,0.882,27.17307692,19.06918251,0.023286526,53024.28287,6095.5,230.7692308,38.46153846,89,52.57692308,3955.096154,0.114974576,1.500961538,114620.7002,0.054807692,0.075384615,1.814121616,14.09615385,1.057692308,34.57692308
6/17/2013,0.882,27.17307692,19.06918251,0.023286526,53024.28287,6095.5,230.7692308,38.46153846,89,52.57692308,3955.096154,0.114974576,1.500961538,114620.7002,0.054807692,0.075384615,1.814121616,14.09615385,1.057692308,34.57692308
6/24/2013,0.882,27.17307692,19.06918251,0.023286526,53024.28287,6095.5,230.7692308,38.46153846,89,52.57692308,3955.096154,0.114974576,1.500961538,114620.7002,0.054807692,0.075384615,1.814121616,14.09615385,1.057692308,34.57692308
7/1/2013,0.882,27.17307692,19.06918251,0.023286526,49563.00005,5630.2,230.7692308,38.46153846,67.6,52.57692308,3955.096154,0.114974576,1.500961538,118519.6791,0.054807692,0.075384615,1.814121616,14.09615385,1.057692308,34.57692308
7/8/2013,0.882,27.17307692,19.06918251,0.023286526,49563.00005,5630.2,230.7692308,38.46153846,67.6,52.57692308,3955.096154,0.114974576,1.500961538,118519.6791,0.054807692,0.075384615,1.814121616,14.09615385,1.057692308,34.57692308
7/15/2013,0.882,27.17307692,19.06918251,0.023286526,49563.00005,5630.2,230.7692308,38.46153846,67.6,52.57692308,3955.096154,0.114974576,1.500961538,118519.6791,0.054807692,0.075384615,1.814121616,14.09615385,1.057692308,34.57692308
7/22/2013,0.882,27.17307692,19.06918251,0.023286526,49563.00005,5630.2,230.7692308,38.46153846,67.6,52.57692308,3955.096154,0.114974576,1.500961538,118519.6791,0.054807692,0.075384615,1.814121616,14.09615385,1.057692308,34.57692308
7/29/2013,0.882,27.17307692,19.06918251,0.023286526,49563.00005,5630.2,230.7692308,38.46153846,67.6,52.57692308,3955.096154,0.114974576,1.500961538,118519.6791,0.054807692,0.075384615,1.814121616,14.09615385,1.057692308,34.57692308
8/5/2013,0.882,27.17307692,19.06918251,0.023286526,49563.00005,6995.25,230.7692308,38.46153846,92.5,52.57692308,3955.096154,0.114974576,1.500961538,118519.6791,0.054807692,0.075384615,1.814121616,14.09615385,1.057692308,34.57692308
8/12/2013,0.882,27.17307692,19.06918251,0.023286526,49563.00005,6995.25,230.7692308,38.46153846,92.5,52.57692308,3955.096154,0.114974576,1.500961538,118519.6791,0.054807692,0.075384615,1.814121616,14.09615385,1.057692308,34.57692308
8/19/2013,0.882,27.17307692,19.06918251,0.023286526,49563.00005,6995.25,230.7692308,38.46153846,92.5,52.57692308,3955.096154,0.114974576,1.500961538,118519.6791,0.054807692,0.075384615,1.814121616,14.09615385,1.057692308,34.57692308
8/26/2013,0.882,27.17307692,19.06918251,0.023286526,49563.00005,6995.25,230.7692308,38.46153846,92.5,52.57692308,3955.096154,0.114974576,1.500961538,118519.6791,0.054807692,0.075384615,1.814121616,14.09615385,1.057692308,34.57692308
9/2/2013,0.882,27.17307692,19.06918251,0.023286526,49563.00005,5414,230.7692308,38.46153846,93,52.57692308,3955.096154,0.114974576,1.500961538,118519.6791,0.054807692,0.075384615,1.814121616,14.09615385,1.057692308,34.57692308
9/9/2013,0.882,27.17307692,19.06918251,0.023286526,49563.00005,5414,230.7692308,38.46153846,93,52.57692308,3955.096154,0.114974576,1.500961538,118519.6791,0.054807692,0.075384615,1.814121616,14.09615385,1.057692308,34.57692308
9/16/2013,0.882,27.17307692,19.06918251,0.023286526,49563.00005,5414,230.7692308,38.46153846,93,52.57692308,3955.096154,0.114974576,1.500961538,118519.6791,0.054807692,0.075384615,1.814121616,14.09615385,1.057692308,34.57692308
9/23/2013,0.882,27.17307692,19.06918251,0.023286526,49563.00005,5414,230.7692308,38.46153846,93,52.57692308,3955.096154,0.114974576,1.500961538,118519.6791,0.054807692,0.075384615,1.814121616,14.09615385,1.057692308,34.57692308
9/30/2013,0.882,27.17307692,19.06918251,0.023286526,49563.00005,5414,230.7692308,38.46153846,73.8,52.57692308,3955.096154,0.114974576,1.500961538,118519.6791,0.054807692,0.075384615,1.814121616,14.09615385,1.057692308,34.57692308
10/7/2013,0.882,27.17307692,19.06918251,0.023286526,54797.38467,7344,230.7692308,38.46153846,73.8,52.57692308,3955.096154,0.114974576,1.500961538,129619.9829,0.054807692,0.075384615,1.814121616,14.09615385,1.057692308,34.57692308
10/14/2013,0.882,27.17307692,19.06918251,0.023286526,54797.38467,7344,230.7692308,38.46153846,73.8,52.57692308,3955.096154,0.114974576,1.500961538,129619.9829,0.054807692,0.075384615,1.814121616,14.09615385,1.057692308,34.57692308
10/21/2013,0.882,27.17307692,19.06918251,0.023286526,54797.38467,7344,230.7692308,38.46153846,73.8,52.57692308,3955.096154,0.114974576,1.500961538,129619.9829,0.054807692,0.075384615,1.814121616,14.09615385,1.057692308,34.57692308
10/28/2013,0.882,27.17307692,19.06918251,0.023286526,54797.38467,7344,230.7692308,38.46153846,73.8,52.57692308,3955.096154,0.114974576,1.500961538,129619.9829,0.054807692,0.075384615,1.814121616,14.09615385,1.057692308,34.57692308
11/4/2013,0.882,27.17307692,19.06918251,0.023286526,54797.38467,6943.5,230.7692308,38.46153846,93,52.57692308,3955.096154,0.114974576,1.500961538,129619.9829,0.054807692,0.075384615,1.814121616,14.09615385,1.057692308,34.57692308
11/11/2013,0.882,27.17307692,19.06918251,0.023286526,54797.38467,6943.5,230.7692308,38.46153846,93,52.57692308,3955.096154,0.114974576,1.500961538,129619.9829,0.054807692,0.075384615,1.814121616,14.09615385,1.057692308,34.57692308
11/18/2013,0.882,27.17307692,19.06918251,0.023286526,54797.38467,6943.5,230.7692308,38.46153846,93,52.57692308,3955.096154,0.114974576,1.500961538,129619.9829,0.054807692,0.075384615,1.814121616,14.09615385,1.057692308,34.57692308
11/25/2013,0.882,27.17307692,19.06918251,0.023286526,54797.38467,6943.5,230.7692308,38.46153846,93,52.57692308,3955.096154,0.114974576,1.500961538,129619.9829,0.054807692,0.075384615,1.814121616,14.09615385,1.057692308,34.57692308
12/2/2013,0.882,27.17307692,19.06918251,0.023286526,54797.38467,5146.2,230.7692308,38.46153846,89.25,52.57692308,3955.096154,0.114974576,1.500961538,129619.9829,0.054807692,0.075384615,1.814121616,14.09615385,1.057692308,34.57692308
12/9/2013,0.882,27.17307692,19.06918251,0.023286526,54797.38467,5146.2,230.7692308,38.46153846,89.25,52.57692308,3955.096154,0.114974576,1.500961538,129619.9829,0.054807692,0.075384615,1.814121616,14.09615385,1.057692308,34.57692308
12/16/2013,0.882,27.17307692,19.06918251,0.023286526,54797.38467,5146.2,230.7692308,38.46153846,89.25,52.57692308,3955.096154,0.114974576,1.500961538,129619.9829,0.054807692,0.075384615,1.814121616,14.09615385,1.057692308,34.57692308
12/23/2013,0.882,27.17307692,19.06918251,0.023286526,54797.38467,5146.2,230.7692308,38.46153846,89.25,52.57692308,3955.096154,0.114974576,1.500961538,129619.9829,0.054807692,0.075384615,1.814121616,14.09615385,1.057692308,34.57692308
12/30/2013,0.882,27.17307692,19.06918251,0.023286526,54797.38467,5146.2,230.7692308,38.46153846,76.2,52.57692308,3955.096154,0.114974576,1.500961538,129619.9829,0.054807692,0.075384615,1.814121616,14.09615385,1.057692308,34.57692308
1/6/2014,0.972,27.65384615,18.89662003,0.020820011,57052.86082,7045.25,298.0769231,32.69230769,76.2,57.69230769,3809.895373,0.112983165,1.488846154,128103.6823,0.052884615,0.0725,2.067907894,14.75,1.326923077,41.21153846
1/13/2014,0.972,27.65384615,18.89662003,0.020820011,57052.86082,7045.25,298.0769231,32.69230769,76.2,57.69230769,3809.895373,0.112983165,1.488846154,128103.6823,0.052884615,0.0725,2.067907894,14.75,1.326923077,41.21153846
1/20/2014,0.972,27.65384615,18.89662003,0.020820011,57052.86082,7045.25,298.0769231,32.69230769,76.2,57.69230769,3809.895373,0.112983165,1.488846154,128103.6823,0.052884615,0.0725,2.067907894,14.75,1.326923077,41.21153846
1/27/2014,0.972,27.65384615,18.89662003,0.020820011,57052.86082,7045.25,298.0769231,32.69230769,76.2,57.69230769,3809.895373,0.112983165,1.488846154,128103.6823,0.052884615,0.0725,2.067907894,14.75,1.326923077,41.21153846
2/3/2014,0.972,27.65384615,18.89662003,0.020820011,57052.86082,5845.25,298.0769231,32.69230769,94.25,57.69230769,3809.895373,0.112983165,1.488846154,128103.6823,0.052884615,0.0725,2.067907894,14.75,1.326923077,41.21153846
2/10/2014,0.972,27.65384615,18.89662003,0.020820011,57052.86082,5845.25,298.0769231,32.69230769,94.25,57.69230769,3809.895373,0.112983165,1.488846154,128103.6823,0.052884615,0.0725,2.067907894,14.75,1.326923077,41.21153846
2/17/2014,0.972,27.65384615,18.89662003,0.020820011,57052.86082,5845.25,298.0769231,32.69230769,94.25,57.69230769,3809.895373,0.112983165,1.488846154,128103.6823,0.052884615,0.0725,2.067907894,14.75,1.326923077,41.21153846
2/24/2014,0.972,27.65384615,18.89662003,0.020820011,57052.86082,5845.25,298.0769231,32.69230769,94.25,57.69230769,3809.895373,0.112983165,1.488846154,128103.6823,0.052884615,0.0725,2.067907894,14.75,1.326923077,41.21153846
3/3/2014,0.972,27.65384615,18.89662003,0.020820011,57052.86082,5492.4,298.0769231,32.69230769,90.5,57.69230769,3809.895373,0.112983165,1.488846154,128103.6823,0.052884615,0.0725,2.067907894,14.75,1.326923077,41.21153846
3/10/2014,0.972,27.65384615,18.89662003,0.020820011,57052.86082,5492.4,298.0769231,32.69230769,90.5,57.69230769,3809.895373,0.112983165,1.488846154,128103.6823,0.052884615,0.0725,2.067907894,14.75,1.326923077,41.21153846
3/17/2014,0.972,27.65384615,18.89662003,0.020820011,57052.86082,5492.4,298.0769231,32.69230769,90.5,57.69230769,3809.895373,0.112983165,1.488846154,128103.6823,0.052884615,0.0725,2.067907894,14.75,1.326923077,41.21153846
3/24/2014,0.972,27.65384615,18.89662003,0.020820011,57052.86082,5492.4,298.0769231,32.69230769,90.5,57.69230769,3809.895373,0.112983165,1.488846154,128103.6823,0.052884615,0.0725,2.067907894,14.75,1.326923077,41.21153846
3/31/2014,0.972,27.65384615,18.89662003,0.020820011,57052.86082,5492.4,298.0769231,32.69230769,80,57.69230769,3809.895373,0.112983165,1.488846154,128103.6823,0.052884615,0.0725,2.067907894,14.75,1.326923077,41.21153846
4/7/2014,0.972,27.65384615,18.89662003,0.020820011,51930.39651,7230.5,298.0769231,32.69230769,80,57.69230769,3809.895373,0.112983165,1.488846154,123187.1674,0.052884615,0.0725,2.067907894,14.75,1.326923077,41.21153846
4/14/2014,0.972,27.65384615,18.89662003,0.020820011,51930.39651,7230.5,298.0769231,32.69230769,80,57.69230769,3809.895373,0.112983165,1.488846154,123187.1674,0.052884615,0.0725,2.067907894,14.75,1.326923077,41.21153846
4/21/2014,0.972,27.65384615,18.89662003,0.020820011,51930.39651,7230.5,298.0769231,32.69230769,80,57.69230769,3809.895373,0.112983165,1.488846154,123187.1674,0.052884615,0.0725,2.067907894,14.75,1.326923077,41.21153846
4/28/2014,0.972,27.65384615,18.89662003,0.020820011,51930.39651,7230.5,298.0769231,32.69230769,80,57.69230769,3809.895373,0.112983165,1.488846154,123187.1674,0.052884615,0.0725,2.067907894,14.75,1.326923077,41.21153846
5/5/2014,0.972,27.65384615,18.89662003,0.020820011,51930.39651,6728,298.0769231,32.69230769,94.5,57.69230769,3809.895373,0.112983165,1.488846154,123187.1674,0.052884615,0.0725,2.067907894,14.75,1.326923077,41.21153846
5/12/2014,0.972,27.65384615,18.89662003,0.020820011,51930.39651,6728,298.0769231,32.69230769,94.5,57.69230769,3809.895373,0.112983165,1.488846154,123187.1674,0.052884615,0.0725,2.067907894,14.75,1.326923077,41.21153846
5/19/2014,0.972,27.65384615,18.89662003,0.020820011,51930.39651,6728,298.0769231,32.69230769,94.5,57.69230769,3809.895373,0.112983165,1.488846154,123187.1674,0.052884615,0.0725,2.067907894,14.75,1.326923077,41.21153846
5/26/2014,0.972,27.65384615,18.89662003,0.020820011,51930.39651,6728,298.0769231,32.69230769,94.5,57.69230769,3809.895373,0.112983165,1.488846154,123187.1674,0.052884615,0.0725,2.067907894,14.75,1.326923077,41.21153846
6/2/2014,0.972,27.65384615,18.89662003,0.020820011,51930.39651,5679.4,298.0769231,32.69230769,102,57.69230769,3809.895373,0.112983165,1.488846154,123187.1674,0.052884615,0.0725,2.067907894,14.75,1.326923077,41.21153846
6/9/2014,0.972,27.65384615,18.89662003,0.020820011,51930.39651,5679.4,298.0769231,32.69230769,102,57.69230769,3809.895373,0.112983165,1.488846154,123187.1674,0.052884615,0.0725,2.067907894,14.75,1.326923077,41.21153846
6/16/2014,0.972,27.65384615,18.89662003,0.020820011,51930.39651,5679.4,298.0769231,32.69230769,102,57.69230769,3809.895373,0.112983165,1.488846154,123187.1674,0.052884615,0.0725,2.067907894,14.75,1.326923077,41.21153846
6/23/2014,0.972,27.65384615,18.89662003,0.020820011,51930.39651,5679.4,298.0769231,32.69230769,102,57.69230769,3809.895373,0.112983165,1.488846154,123187.1674,0.052884615,0.0725,2.067907894,14.75,1.326923077,41.21153846
6/30/2014,0.972,27.65384615,18.89662003,0.020820011,51930.39651,5679.4,298.0769231,32.69230769,78,57.69230769,3809.895373,0.112983165,1.488846154,123187.1674,0.052884615,0.0725,2.067907894,14.75,1.326923077,41.21153846
7/7/2014,0.972,27.65384615,18.89662003,0.020820011,61357.7726,8410.5,298.0769231,32.69230769,78,57.69230769,3809.895373,0.112983165,1.488846154,143094.1098,0.052884615,0.0725,2.067907894,14.75,1.326923077,41.21153846
7/14/2014,0.972,27.65384615,18.89662003,0.020820011,61357.7726,8410.5,298.0769231,32.69230769,78,57.69230769,3809.895373,0.112983165,1.488846154,143094.1098,0.052884615,0.0725,2.067907894,14.75,1.326923077,41.21153846
7/21/2014,0.972,27.65384615,18.89662003,0.020820011,61357.7726,8410.5,298.0769231,32.69230769,78,57.69230769,3809.895373,0.112983165,1.488846154,143094.1098,0.052884615,0.0725,2.067907894,14.75,1.326923077,41.21153846
7/28/2014,0.972,27.65384615,18.89662003,0.020820011,61357.7726,8410.5,298.0769231,32.69230769,78,57.69230769,3809.895373,0.112983165,1.488846154,143094.1098,0.052884615,0.0725,2.067907894,14.75,1.326923077,41.21153846
8/4/2014,0.972,27.65384615,18.89662003,0.020820011,61357.7726,8020,298.0769231,32.69230769,100.75,57.69230769,3809.895373,0.112983165,1.488846154,143094.1098,0.052884615,0.0725,2.067907894,14.75,1.326923077,41.21153846
8/11/2014,0.972,27.65384615,18.89662003,0.020820011,61357.7726,8020,298.0769231,32.69230769,100.75,57.69230769,3809.895373,0.112983165,1.488846154,143094.1098,0.052884615,0.0725,2.067907894,14.75,1.326923077,41.21153846
8/18/2014,0.972,27.65384615,18.89662003,0.020820011,61357.7726,8020,298.0769231,32.69230769,100.75,57.69230769,3809.895373,0.112983165,1.488846154,143094.1098,0.052884615,0.0725,2.067907894,14.75,1.326923077,41.21153846
8/25/2014,0.972,27.65384615,18.89662003,0.020820011,61357.7726,8020,298.0769231,32.69230769,100.75,57.69230769,3809.895373,0.112983165,1.488846154,143094.1098,0.052884615,0.0725,2.067907894,14.75,1.326923077,41.21153846
9/1/2014,0.972,27.65384615,18.89662003,0.020820011,61357.7726,8114.6,298.0769231,32.69230769,83,57.69230769,3809.895373,0.112983165,1.488846154,143094.1098,0.052884615,0.0725,2.067907894,14.75,1.326923077,41.21153846
9/8/2014,0.972,27.65384615,18.89662003,0.020820011,61357.7726,8114.6,298.0769231,32.69230769,83,57.69230769,3809.895373,0.112983165,1.488846154,143094.1098,0.052884615,0.0725,2.067907894,14.75,1.326923077,41.21153846
9/15/2014,0.972,27.65384615,18.89662003,0.020820011,61357.7726,8114.6,298.0769231,32.69230769,83,57.69230769,3809.895373,0.112983165,1.488846154,143094.1098,0.052884615,0.0725,2.067907894,14.75,1.326923077,41.21153846
9/22/2014,0.972,27.65384615,18.89662003,0.020820011,61357.7726,8114.6,298.0769231,32.69230769,83,57.69230769,3809.895373,0.112983165,1.488846154,143094.1098,0.052884615,0.0725,2.067907894,14.75,1.326923077,41.21153846
9/29/2014,0.972,27.65384615,18.89662003,0.020820011,61357.7726,8114.6,298.0769231,32.69230769,83,57.69230769,3809.895373,0.112983165,1.488846154,143094.1098,0.052884615,0.0725,2.067907894,14.75,1.326923077,41.21153846
10/6/2014,0.972,27.65384615,18.89662003,0.020820011,62084.45875,12681.5,298.0769231,32.69230769,98.75,57.69230769,3809.895373,0.112983165,1.488846154,141671.9522,0.052884615,0.0725,2.067907894,14.75,1.326923077,41.21153846
10/13/2014,0.972,27.65384615,18.89662003,0.020820011,62084.45875,12681.5,298.0769231,32.69230769,98.75,57.69230769,3809.895373,0.112983165,1.488846154,141671.9522,0.052884615,0.0725,2.067907894,14.75,1.326923077,41.21153846
10/20/2014,0.972,27.65384615,18.89662003,0.020820011,62084.45875,12681.5,298.0769231,32.69230769,98.75,57.69230769,3809.895373,0.112983165,1.488846154,141671.9522,0.052884615,0.0725,2.067907894,14.75,1.326923077,41.21153846
10/27/2014,0.972,27.65384615,18.89662003,0.020820011,62084.45875,12681.5,298.0769231,32.69230769,98.75,57.69230769,3809.895373,0.112983165,1.488846154,141671.9522,0.052884615,0.0725,2.067907894,14.75,1.326923077,41.21153846
11/3/2014,0.972,27.65384615,18.89662003,0.020820011,62084.45875,12907.5,298.0769231,32.69230769,102.75,57.69230769,3809.895373,0.112983165,1.488846154,141671.9522,0.052884615,0.0725,2.067907894,14.75,1.326923077,41.21153846
11/10/2014,0.972,27.65384615,18.89662003,0.020820011,62084.45875,12907.5,298.0769231,32.69230769,102.75,57.69230769,3809.895373,0.112983165,1.488846154,141671.9522,0.052884615,0.0725,2.067907894,14.75,1.326923077,41.21153846
11/17/2014,0.972,27.65384615,18.89662003,0.020820011,62084.45875,12907.5,298.0769231,32.69230769,102.75,57.69230769,3809.895373,0.112983165,1.488846154,141671.9522,0.052884615,0.0725,2.067907894,14.75,1.326923077,41.21153846
11/24/2014,0.972,27.65384615,18.89662003,0.020820011,62084.45875,12907.5,298.0769231,32.69230769,102.75,57.69230769,3809.895373,0.112983165,1.488846154,141671.9522,0.052884615,0.0725,2.067907894,14.75,1.326923077,41.21153846
12/1/2014,0.972,27.65384615,18.89662003,0.020820011,62084.45875,11530,298.0769231,32.69230769,79.2,57.69230769,3809.895373,0.112983165,1.488846154,141671.9522,0.052884615,0.0725,2.067907894,14.75,1.326923077,41.21153846
12/8/2014,0.972,27.65384615,18.89662003,0.020820011,62084.45875,11530,298.0769231,32.69230769,79.2,57.69230769,3809.895373,0.112983165,1.488846154,141671.9522,0.052884615,0.0725,2.067907894,14.75,1.326923077,41.21153846
12/15/2014,0.972,27.65384615,18.89662003,0.020820011,62084.45875,11530,298.0769231,32.69230769,79.2,57.69230769,3809.895373,0.112983165,1.488846154,141671.9522,0.052884615,0.0725,2.067907894,14.75,1.326923077,41.21153846
12/22/2014,0.972,27.65384615,18.89662003,0.020820011,62084.45875,11530,298.0769231,32.69230769,79.2,57.69230769,3809.895373,0.112983165,1.488846154,141671.9522,0.052884615,0.0725,2.067907894,14.75,1.326923077,41.21153846
12/29/2014,0.972,27.65384615,18.89662003,0.020820011,62084.45875,11530,298.0769231,32.69230769,79.2,57.69230769,3809.895373,0.112983165,1.488846154,141671.9522,0.052884615,0.0725,2.067907894,14.75,1.326923077,41.21153846
